Date,Ride Duration(mins),Days,CATEGORY*,START*,STOP*,MILES*,PURPOSE*,Gender,Status Cancelled ,Status Delay,Status On-time,Rider Age Young,Rider Age Middle,Rider Age Old,Fare,Peak hours,Drivers Rating
12/1/2016,20,1,Business,West,North,5.1,Meal/Entertain,1,1,0,0,1,0,0,4,7:00 PM,4
11/2/2016,60,0,Business,East,West,5,Between Offices,1,0,1,0,0,0,1,12,10:00 AM,3
5/3/2016,40,1,Business,East,South,4.8,Errand/Supplies,1,0,0,1,0,1,0,8,10:30 AM,5
6/4/2016,70,1,Personal,East,West,4.7,Meal/Entertain,0,1,0,0,1,0,0,20,             8:00PM,1
4/5/2016,20,1,Personal,East,West,63.7,Between Offices,0,1,0,0,0,1,0,16,8:30 AM,2
7/6/2016,25,0,Personal,South,West,4.3,Errand/Supplies,1,1,0,0,0,1,0,28,8:00 AM,4
12/7/2016,35,0,Personal,East,West,7.1,Meal/Entertain,1,1,0,0,0,1,0,24,              9:00AM,3
10/8/2016,44,0,Personal,East,South,0.8,Between Offices,1,1,0,0,0,1,0,36,9:30 AM,5
11/9/2016,10,0,Personal,East,West,8.3,Errand/Supplies,1,1,0,0,0,1,0,32,6:00 PM,1
2/10/2016,30,0,Business,East,West,16.5,Meal/Entertain,0,1,0,0,0,1,0,40,6:30 PM,2
2/11/2016,15,1,Business,North,West,10.8,Between Offices,0,1,0,0,0,1,0,4,7:30 PM,4
6/12/2016,20,1,Business,North,West,7.5,Errand/Supplies,0,1,0,0,0,1,0,12,8:30 PM,3
5/1/2016,23,1,Business,North,West,6.2,Meal/Entertain,0,1,0,0,0,0,1,8,8:00 PM,5
4/2/2016,40,1,Business,North,West,6.4,Between Offices,0,1,0,0,0,1,0,20,7:00 PM,1
1/3/2016,42,1,Business,North,West,1.6,Errand/Supplies,0,1,0,0,0,1,0,16,10:00 AM,2
5/4/2016,60,1,Business,North,East,1.7,Meal/Entertain,0,1,0,0,0,0,1,28,10:30 AM,4
6/5/2016,70,0,Business,North,East,1.9,Meal/Entertain,0,1,0,0,0,0,1,24,             8:00PM,3
7/6/2016,70,1,Business,North,East,1.9,Meal/Entertain,1,1,0,0,0,0,1,36,8:30 AM,5
9/8/2016,70,0,Business,South,East,4,Meal/Entertain,1,1,0,0,0,0,1,32,8:00 AM,1
8/8/2016,70,1,Business,North,East,1.8,Errand/Supplies,0,1,0,0,0,0,1,40,              9:00AM,2
7/10/2016,70,0,Personal,North,West,2.4,Meal/Entertain,0,0,1,0,0,0,1,4,9:30 AM,4
8/12/2016,70,1,Personal,North,West,2,Between Offices,0,0,0,1,1,0,0,12,6:00 PM,3
6/1/2016,70,0,Personal,North,West,15.1,Errand/Supplies,1,1,0,0,1,0,0,8,6:30 PM,5
1/11/2016,70,0,Personal,North,West,11.2,Meal/Entertain,1,1,0,0,1,0,0,20,7:30 PM,1
5/4/2016,50,0,Personal,North,East,11.8,Between Offices,1,1,0,0,1,0,0,16,8:30 PM,2
4/6/2016,50,0,Personal,North,East,21.9,Errand/Supplies,1,0,0,1,1,0,0,28,8:00 PM,4
8/8/2016,50,0,Business,North,East,3.9,Errand/Supplies,1,0,0,1,1,0,0,24,7:00 PM,3
9/10/2016,50,0,Business,South,East,8,Errand/Supplies,1,0,0,1,1,0,0,36,10:00 AM,5
10/7/2016,50,1,Business,North,South,10.4,Meal/Entertain,1,0,0,1,1,0,0,32,10:30 AM,1
9/3/2016,50,1,Business,North,South,10.4,Meal/Entertain,1,0,0,1,1,0,0,40,             8:00PM,2
8/1/2016,50,1,Business,West,South,4.8,Meal/Entertain,0,0,0,1,0,1,0,4,8:30 AM,4
5/12/2016,50,1,Business,North,South,4.7,Meal/Entertain,1,0,0,1,0,1,0,12,8:00 AM,3
5/5/2016,50,1,Personal,North,East,7.2,Meal/Entertain,1,0,0,1,0,1,0,8,              9:00AM,5
2/7/2016,45,1,Personal,East,North,7.6,Between Offices,1,0,0,1,0,0,1,20,9:30 AM,1
12/4/2016,45,0,Personal,North,North,17.1,Errand/Supplies,0,0,0,1,0,1,0,16,6:00 PM,2
10/5/2016,45,1,Personal,North,North,15.1,Meal/Entertain,0,0,0,1,0,1,0,28,6:30 PM,4
9/6/2016,45,1,Personal,North,North,40.2,Between Offices,0,0,0,1,0,1,0,24,7:30 PM,3
8/7/2016,45,0,Personal,West,South,1.6,Errand/Supplies,0,0,0,1,1,0,0,36,8:30 PM,5
7/8/2016,45,0,Business,West,East,2.4,Meal/Entertain,0,0,0,1,0,1,0,32,8:00 PM,1
3/9/2016,45,0,Business,West,South,1,Meal/Entertain,0,0,0,1,0,0,1,40,7:00 PM,2
5/10/2016,45,0,Business,West,South,2,Meal/Entertain,0,0,0,1,0,1,0,4,10:00 AM,4
2/11/2016,45,0,Business,West,South,2.3,Errand/Supplies,0,0,0,1,1,0,0,12,10:30 AM,3
12/8/2016,45,0,Business,West,North,1.9,Errand/Supplies,0,0,0,1,1,0,0,8,             8:00PM,5
1/7/2016,45,0,Business,West,South,1.4,Errand/Supplies,0,1,0,0,1,0,0,20,8:30 AM,1
10/6/2016,30,0,Business,West,South,0.5,Errand/Supplies,0,1,0,0,0,0,1,16,8:00 AM,2
12/5/2016,30,0,Business,East,South,1.8,Meal/Entertain,0,0,1,0,0,1,0,28,              9:00AM,4
11/1/2016,30,0,Business,East,South,18.7,Between Offices,0,0,1,0,0,1,0,24,9:30 AM,3
10/10/2016,30,1,Business,East,North,3.4,Errand/Supplies,0,0,0,1,0,1,0,36,6:00 PM,5
12/10/2016,30,1,Business,East,West,2.7,Meal/Entertain,0,0,0,1,0,1,0,32,6:30 PM,1
3/11/2016,30,1,Personal,East,West,12.9,Between Offices,0,0,0,1,1,0,0,40,7:30 PM,2
4/2/2016,30,1,Personal,East,West,19,Errand/Supplies,0,0,1,0,0,1,0,4,8:30 PM,4
5/11/2016,30,1,Personal,East,South,14.7,Meal/Entertain,0,0,1,0,0,1,0,12,8:00 PM,3
6/12/2016,30,1,Personal,East,West,15.7,Between Offices,1,0,1,0,0,1,0,8,7:00 PM,5
2/1/2016,30,1,Personal,East,West,4.6,Errand/Supplies,1,1,0,0,1,0,0,20,10:00 AM,1
6/1/2016,30,1,Personal,East,West,5.2,Meal/Entertain,1,0,0,1,0,1,0,16,10:30 AM,2
7/2/2016,30,1,Business,East,East,10.4,Between Offices,1,0,1,0,0,1,0,28,             8:00PM,4
8/5/2016,30,0,Business,East,North,10.1,Errand/Supplies,1,0,1,0,0,1,0,24,8:30 AM,3
10/6/2016,20,1,Business,East,North,5.8,Errand/Supplies,1,1,0,0,0,1,0,36,8:00 AM,5
11/8/2016,20,1,Business,East,North,5.5,Meal/Entertain,1,0,0,1,0,1,0,32,              9:00AM,1
12/9/2016,20,1,Business,South,North,5.7,Errand/Supplies,1,0,1,0,0,1,0,40,9:30 AM,2
3/1/2016,20,1,Business,East,North,5.7,Meal/Entertain,1,1,0,0,0,1,0,4,6:00 PM,4
6/1/2016,20,1,Personal,East,North,19.4,Between Offices,1,0,1,0,0,1,0,12,6:30 PM,3
8/3/2016,20,1,Personal,East,North,23.3,Errand/Supplies,1,0,1,0,0,1,0,8,7:30 PM,5
5/4/2016,20,1,Personal,West,North,3.9,Meal/Entertain,1,0,0,1,0,0,1,20,8:30 PM,1
3/5/2016,20,0,Personal,East,North,8.3,Meal/Entertain,1,0,1,0,0,0,1,16,8:00 PM,2
1/1/2016,20,0,Personal,East,South,6,Between Offices,1,1,0,0,0,0,1,28,7:00 PM,4
3/2/2016,20,0,Personal,East,North,1.6,Errand/Supplies,1,1,0,0,0,0,1,24,10:00 AM,3
6/3/2016,20,1,Business,East,North,5.2,Errand/Supplies,1,0,1,0,0,0,1,36,10:30 AM,5
8/4/2016,20,0,Business,West,North,9.7,Meal/Entertain,1,0,0,1,0,0,1,32,             8:00PM,1
8/5/2016,20,1,Business,East,South,1.6,Meal/Entertain,1,0,1,1,0,0,1,40,8:30 AM,2
10/6/2016,20,0,Business,East,North,1.1,Meal/Entertain,1,0,0,1,0,0,1,4,8:00 AM,4
11/7/2016,20,0,Business,East,North,1.6,Meal/Entertain,1,0,0,1,1,0,0,12,              9:00AM,3
12/8/2016,62,1,Business,East,North,9,Meal/Entertain,1,1,0,0,1,0,0,8,9:30 AM,5
1/9/2016,62,0,Personal,South,East,7.7,Between Offices,1,0,1,0,1,0,0,20,6:00 PM,1
2/10/2016,62,1,Personal,East,North,10.4,Errand/Supplies,1,0,1,0,1,0,0,16,6:30 PM,2
4/11/2016,62,0,Personal,East,North,10.4,Meal/Entertain,1,0,1,0,1,0,0,28,7:30 PM,4
6/12/2016,62,1,Personal,East,North,11.4,Between Offices,1,0,0,1,1,0,0,24,8:30 PM,3
7/13/2016,62,0,Personal,East,North,9,Errand/Supplies,1,0,0,1,1,0,0,36,8:00 PM,5
8/14/2016,62,1,Personal,East,North,3.2,Meal/Entertain,1,0,0,1,0,1,0,32,7:00 PM,1
9/15/2016,62,0,Business,West,North,5.6,Errand/Supplies,1,1,0,0,0,1,0,40,10:00 AM,2
2/16/2016,62,1,Business,East,North,5.7,Meal/Entertain,1,1,0,0,0,1,0,4,10:30 AM,4
3/17/2016,62,1,Business,East,South,6.1,Between Offices,1,0,1,0,0,1,0,12,             8:00PM,3
5/18/2016,62,0,Business,East,North,6.1,Errand/Supplies,1,1,0,0,0,1,0,8,8:30 AM,5
6/19/2016,35,0,Business,East,North,4.3,Meal/Entertain,1,1,0,0,0,1,0,20,8:00 AM,1
7/20/2016,40,0,Business,East,North,2.7,Meal/Entertain,1,1,0,0,0,1,0,16,              9:00AM,2
8/21/2016,25,1,Personal,East,East,5.3,Meal/Entertain,1,0,0,1,0,1,0,28,9:30 AM,4
9/22/2016,20,0,Personal,East,North,3,Between Offices,1,0,1,0,0,1,0,24,6:00 PM,3
11/23/2016,19,0,Personal,East,North,5.1,Errand/Supplies,1,0,1,0,0,1,0,36,6:30 PM,5
12/24/2016,20,0,Personal,East,South,1.5,Between Offices,1,0,0,1,0,1,0,32,7:30 PM,1
6/25/2016,40,0,Personal,East,North,6.1,Between Offices,1,0,0,1,0,1,0,40,8:30 PM,2
8/26/2016,60,0,Personal,South,North,6.1,Between Offices,1,0,0,1,0,1,0,4,8:00 PM,4
9/27/2016,63,1,Personal,East,North,17.3,Between Offices,1,0,0,1,0,1,0,12,7:00 PM,3
8/28/2016,40,0,Business,East,West,5.7,Between Offices,1,0,0,1,0,1,0,8,10:00 AM,5
10/29/2016,40,1,Business,East,North,13.5,Meal/Entertain,1,0,0,1,0,1,0,20,10:30 AM,1
9/30/2016,40,1,Business,West,North,6.1,Meal/Entertain,1,0,0,1,0,0,1,16,             8:00PM,2
1/31/2016,40,1,Business,East,West,8.5,Meal/Entertain,1,0,0,1,0,0,1,28,8:30 AM,4
2/1/2016,40,1,Business,East,South,2.6,Meal/Entertain,1,0,0,1,0,0,1,24,8:00 AM,3
4/2/2016,40,1,Business,West,North,17,Meal/Entertain,1,0,0,1,0,0,1,36,              9:00AM,5
7/3/2016,40,1,Personal,East,North,18,Meal/Entertain,1,0,0,1,0,0,1,32,9:30 AM,1
8/4/2016,40,1,Personal,East,South,8.4,Meal/Entertain,1,0,0,1,0,0,1,40,6:00 PM,2
8/5/2016,40,1,Personal,East,North,11.5,Errand/Supplies,1,0,0,1,0,0,1,4,6:30 PM,4
9/6/2016,14,0,Personal,East,North,8.9,Errand/Supplies,1,0,0,1,0,0,1,12,7:30 PM,3
5/7/2016,40,1,Personal,North,South,2.7,Errand/Supplies,1,0,0,1,0,0,1,8,8:30 PM,5
3/8/2016,40,1,Personal,North,South,1.8,Errand/Supplies,1,0,0,1,0,0,1,20,8:00 PM,1
6/9/2016,40,1,Business,North,South,8.1,Errand/Supplies,1,0,0,1,0,1,0,16,7:00 PM,2
5/10/2016,40,0,Business,North,East,2,Errand/Supplies,1,1,0,0,0,1,0,28,10:00 AM,4
9/11/2016,40,0,Business,North,South,13,Errand/Supplies,1,0,1,0,0,0,1,24,10:30 AM,3
6/12/2016,40,0,Business,West,South,13.9,Errand/Supplies,1,0,0,1,0,1,0,36,             8:00PM,5
4/13/2016,40,0,Business,North,West,43.7,Errand/Supplies,1,0,0,1,0,1,0,32,8:30 AM,1
9/14/2016,40,0,Business,North,South,14.1,Errand/Supplies,1,0,0,1,0,1,0,40,8:00 AM,2
7/15/2016,40,0,Business,East,East,2.6,Errand/Supplies,1,0,0,1,0,1,0,4,              9:00AM,4
5/16/2016,40,0,Business,North,South,4.5,Errand/Supplies,1,0,0,1,0,1,0,12,9:30 AM,3
5/17/2016,40,0,Business,North,South,1.7,Errand/Supplies,1,0,0,1,1,0,0,8,6:00 PM,5
8/18/2016,40,1,Business,South,North,1.8,Between Offices,1,0,0,1,0,1,0,20,6:30 PM,1
10/19/2016,25,1,Personal,West,North,6,Errand/Supplies,1,0,0,1,0,1,0,16,7:30 PM,2
9/20/2016,40,1,Personal,South,East,1.1,Meal/Entertain,1,0,0,1,0,1,0,28,8:30 PM,4
1/21/2016,40,1,Personal,South,North,3.6,Errand/Supplies,1,0,0,1,0,1,0,24,8:00 PM,3
2/22/2016,40,1,Personal,South,North,14.7,Meal/Entertain,1,0,0,1,0,1,0,36,7:00 PM,5
5/23/2016,40,0,Personal,South,North,1.7,Between Offices,1,0,0,1,0,1,0,32,10:00 AM,1
9/24/2016,40,1,Personal,South,North,21.4,Errand/Supplies,1,0,0,1,0,1,0,40,10:30 AM,2
5/25/2016,40,1,Business,South,East,0.5,Meal/Entertain,1,0,0,1,0,1,0,4,             8:00PM,4
9/26/2016,40,0,Business,East,East,23.5,Meal/Entertain,1,0,1,0,0,1,0,12,8:30 AM,3
3/27/2016,40,0,Business,West,East,12.7,Meal/Entertain,1,0,1,0,0,1,0,8,8:00 AM,5
3/28/2016,40,0,Business,West,East,6,Between Offices,1,0,1,0,0,1,0,20,              9:00AM,1
3/29/2016,20,0,Business,West,East,5.2,Errand/Supplies,1,0,1,0,0,1,0,16,9:30 AM,2
9/30/2016,40,1,Business,South,East,10,Between Offices,1,0,1,0,1,0,0,28,6:00 PM,4
10/1/2016,40,0,Personal,North,East,18.3,Between Offices,1,0,1,0,0,0,1,24,6:30 PM,3
11/2/2016,40,0,Personal,North,East,11.2,Between Offices,1,0,1,0,0,1,0,36,7:30 PM,5
12/3/2016,40,0,Personal,South,East,7.6,Between Offices,1,0,1,0,1,0,0,32,8:30 PM,1
6/4/2016,40,0,Personal,East,East,1.5,Between Offices,1,1,0,0,0,1,0,40,8:00 PM,2
6/5/2016,40,0,Personal,North,East,1,Meal/Entertain,1,1,0,0,0,1,0,4,7:00 PM,4
8/6/2016,40,0,Personal,South,East,7.3,Meal/Entertain,1,1,0,0,0,1,0,12,10:00 AM,3
1/11/2016,40,1,Business,South,East,3.5,Meal/Entertain,1,1,0,0,0,1,0,8,10:30 AM,5
4/12/2016,40,1,Business,South,South,4.2,Meal/Entertain,1,1,0,0,0,1,0,20,             8:00PM,1
7/13/2016,75,1,Personal,South,South,13.6,Meal/Entertain,1,1,0,0,0,1,0,16,8:30 AM,2
7/14/2016,75,1,Personal,South,West,2.5,Meal/Entertain,1,1,0,0,0,1,0,28,8:00 AM,4
6/15/2016,75,1,Personal,South,West,14.4,Meal/Entertain,1,1,0,0,0,1,0,24,              9:00AM,3
4/16/2016,75,1,Personal,South,West,3,Errand/Supplies,1,1,0,0,0,0,1,36,9:30 AM,5
9/17/2016,75,1,Personal,South,South,1.5,Errand/Supplies,1,1,0,0,0,1,0,32,6:00 PM,1
11/18/2016,60,0,Personal,South,North,18.4,Errand/Supplies,1,0,1,0,0,1,0,40,6:30 PM,2
12/19/2016,75,1,Personal,South,North,23.1,Errand/Supplies,1,0,0,1,0,0,1,4,7:30 PM,4
11/20/2016,75,1,Personal,South,North,16.5,Errand/Supplies,1,0,0,1,0,0,1,12,8:30 PM,3
1/21/2016,75,1,Personal,South,South,3.2,Errand/Supplies,1,0,1,0,0,0,1,8,8:00 PM,5
10/22/2016,75,0,Personal,South,South,7.7,Errand/Supplies,1,0,1,0,0,0,1,20,7:00 PM,1
3/23/2016,75,0,Business,South,East,14.5,Errand/Supplies,1,1,0,0,0,0,1,16,10:00 AM,2
2/24/2016,65,0,Business,South,East,2.4,Errand/Supplies,1,1,0,0,0,0,1,28,10:30 AM,4
8/25/2016,65,0,Business,South,South,4.6,Errand/Supplies,1,0,0,1,1,0,0,24,             8:00PM,3
7/26/2016,65,0,Business,South,South,8.8,Meal/Entertain,1,0,1,0,1,0,0,36,8:30 AM,5
3/27/2016,19,1,Business,West ,East,8.3,Between Offices,1,0,0,1,1,0,0,32,8:00 AM,1
2/28/2016,65,0,Business,South,East,22.7,Errand/Supplies,1,1,0,0,1,0,0,40,              9:00AM,2
6/29/2016,65,1,Business,North,East,13,Meal/Entertain,1,0,1,0,1,0,0,4,9:30 AM,4
9/30/2016,65,1,Business,North,East,8.1,Errand/Supplies,1,0,0,1,1,0,0,12,6:00 PM,3
8/31/2016,24,1,Business,North,East,2.2,Meal/Entertain,1,0,1,0,1,0,0,8,6:30 PM,5
10/1/2016,24,0,Personal,West,East,9.7,Between Offices,1,0,1,0,1,0,0,20,7:30 PM,1
1/2/2016,24,1,Personal,North,North,20,Errand/Supplies,1,0,0,1,1,0,0,16,8:30 PM,2
2/3/2016,24,0,Personal,North,East,8.1,Meal/Entertain,1,0,1,0,0,1,0,28,8:00 PM,4
4/4/2016,24,1,Personal,East,South,1.5,Meal/Entertain,1,1,0,0,0,1,0,24,7:00 PM,3
6/5/2016,24,0,Personal,North,East,1.7,Meal/Entertain,1,1,0,0,0,1,0,36,10:00 AM,5
7/6/2016,24,1,Personal,West,East,3.1,Between Offices,1,0,0,1,0,0,1,32,10:30 AM,1
8/7/2016,24,0,Business,North,South,3.2,Errand/Supplies,1,0,1,0,0,1,0,40,             8:00PM,2
9/8/2016,24,1,Business,South,South,6,Between Offices,1,0,1,0,0,0,1,4,8:30 AM,4
10/9/2016,24,1,Business,North,South,5.8,Between Offices,1,0,0,1,0,1,0,12,8:00 AM,3
11/10/2016,20,0,Business,North,South,6.3,Between Offices,1,0,0,1,1,0,0,8,              9:00AM,5
10/11/2016,20,0,Personal,East,North,1.7,Between Offices,1,0,0,1,0,1,0,20,9:30 AM,1
7/12/2016,20,0,Business,North,West,10.6,Between Offices,1,0,0,1,0,1,0,16,6:00 PM,2
6/13/2016,20,0,Personal,North,South,9.9,Meal/Entertain,1,0,0,1,0,1,0,28,6:30 PM,4
9/14/2016,20,0,Personal,North,South,1.9,Meal/Entertain,1,0,0,1,0,1,0,24,7:30 PM,3
9/25/2016,20,0,Personal,West,West,4.2,Meal/Entertain,1,0,0,1,0,1,0,36,8:30 PM,5
10/16/2016,16,0,Personal,West,South,2,Meal/Entertain,1,0,0,1,0,1,0,32,8:00 PM,1
11/17/2016,20,0,Personal,West,South,7.7,Meal/Entertain,1,0,0,1,0,1,0,40,7:00 PM,2
12/18/2016,20,0,Personal,West,South,6.8,Meal/Entertain,1,0,0,1,0,1,0,4,10:00 AM,4
8/19/2016,27,0,Personal,West,North,2.1,Meal/Entertain,1,0,0,1,0,0,1,12,10:30 AM,3
7/20/2016,20,0,Business,West,South,3.8,Errand/Supplies,1,0,0,1,0,1,0,8,             8:00PM,5
6/21/2016,26,0,Business,East,South,5.6,Errand/Supplies,0,0,1,0,0,1,0,20,8:30 AM,1
8/22/2016,20,0,Personal,North,East,2.6,Errand/Supplies,0,1,0,0,0,0,1,16,8:00 AM,2
2/23/2016,20,1,Personal,West,South,6.6,Errand/Supplies,0,0,1,0,0,0,1,28,              9:00AM,4
3/24/2016,29,1,Personal,West,North,8,Errand/Supplies,0,0,1,0,0,1,0,24,9:30 AM,3
6/25/2016,20,1,Personal,West,South,8,Errand/Supplies,0,0,1,0,1,0,0,36,6:00 PM,5
5/26/2016,20,1,Personal,South,South,2.2,Errand/Supplies,0,0,1,0,0,1,0,32,6:30 PM,1
4/27/2016,20,1,Personal,West,South,2.3,Errand/Supplies,0,0,1,0,0,1,0,40,7:30 PM,2
3/28/2016,16,0,Business,East,North,5.2,Errand/Supplies,1,1,0,0,0,1,0,4,8:30 PM,4
2/29/2016,16,0,Business,West,West,7.6,Between Offices,1,1,0,0,0,1,0,12,8:00 PM,3
6/30/2016,16,0,Business,West,South,17.3,Errand/Supplies,1,1,0,0,0,1,0,8,7:00 PM,5
7/1/2016,16,0,Business,North,South,9.9,Meal/Entertain,1,1,0,0,0,1,0,20,10:00 AM,1
9/2/2016,16,0,Business,West,East,9.9,Errand/Supplies,0,1,0,0,0,1,0,16,10:30 AM,2
11/3/2016,16,1,Business,West,South,10.4,Meal/Entertain,0,1,0,0,0,1,0,28,             8:00PM,4
10/4/2016,16,0,Business,West,South,10.9,Between Offices,0,0,1,0,0,0,1,24,8:30 AM,3
12/5/2016,30,0,Business,East,West,15.7,Errand/Supplies,0,0,1,0,0,1,0,36,8:00 AM,5
11/6/2016,30,0,Personal,North,South,4.9,Meal/Entertain,0,0,1,0,0,1,0,32,              9:00AM,1
11/7/2016,30,1,Personal,West,South,0.8,Meal/Entertain,0,0,0,1,0,0,1,40,9:30 AM,2
10/8/2016,30,0,Personal,West,South,13.5,Meal/Entertain,0,0,0,1,0,0,1,4,6:00 PM,4
5/9/2016,30,1,Personal,East,South,1.9,Between Offices,0,0,0,1,0,0,1,12,6:30 PM,3
6/10/2016,18,0,Personal,West,North,2,Errand/Supplies,0,0,0,1,0,0,1,8,7:30 PM,5
7/11/2016,30,0,Personal,East,North,6.5,Between Offices,0,0,0,1,0,0,1,20,8:30 PM,1
8/12/2016,30,1,Personal,West,South,4.2,Between Offices,0,0,1,0,0,0,1,16,8:00 PM,2
8/13/2016,30,1,Personal,West,North,3.5,Between Offices,0,0,1,0,1,0,0,28,7:00 PM,4
11/19/2016,10,0,Business,East,South,7.8,Between Offices,0,0,1,0,1,0,0,24,10:00 AM,3
10/10/2016,30,1,Business,West,North,7.8,Between Offices,0,1,0,0,1,0,0,36,10:30 AM,5
1/1/2016,35,0,Business,West,South,3.9,Meal/Entertain,0,1,0,0,1,0,0,32,             8:00PM,1
8/2/2016,35,1,Business,North,South,2.8,Meal/Entertain,0,1,0,0,1,0,0,40,8:30 AM,2
9/3/2016,35,0,Personal,South,South,12.4,Meal/Entertain,0,0,1,0,1,0,0,4,8:00 AM,4
11/4/2016,35,1,Personal,West,South,5.9,Meal/Entertain,0,0,0,1,1,0,0,12,              9:00AM,3
12/5/2016,35,0,Personal,East,South,9.4,Meal/Entertain,0,0,0,1,1,0,0,8,9:30 AM,5
10/6/2016,20,1,Personal,West,North,11.9,Meal/Entertain,0,0,0,1,1,0,0,20,6:00 PM,1
1/7/2016,35,0,Personal,East,North,7.2,Meal/Entertain,0,0,0,1,0,1,0,16,6:30 PM,2
2/8/2016,35,1,Personal,West,North,7.6,Errand/Supplies,0,0,1,0,0,1,0,28,7:30 PM,4
3/9/2016,35,0,Personal,West,North,1.6,Errand/Supplies,0,0,1,0,0,1,0,24,8:30 PM,3
6/10/2016,60,1,Business,North,East,8.4,Errand/Supplies,0,0,1,0,0,0,1,36,8:00 PM,5
7/11/2016,35,0,Business,West,North,12.8,Errand/Supplies,0,0,1,0,0,1,0,32,7:00 PM,1
8/12/2016,35,1,Personal,South,West,2.3,Errand/Supplies,0,0,1,0,0,0,1,40,10:00 AM,2
9/13/2016,35,1,Personal,West,North,1.6,Errand/Supplies,0,0,1,0,0,1,0,4,10:30 AM,4
10/14/2016,35,1,Personal,East,South,2,Errand/Supplies,0,0,1,0,1,0,0,12,             8:00PM,3
12/15/2016,35,1,Personal,West,North,0.8,Errand/Supplies,0,0,1,0,0,1,0,8,8:30 AM,5
4/16/2016,48,1,Personal,West,West,1.2,Errand/Supplies,0,1,0,0,0,1,0,20,8:00 AM,1
5/17/2016,48,0,Personal,West,West,1,Between Offices,0,1,0,0,0,1,0,16,              9:00AM,2
7/18/2016,48,0,Business,West,West,2.1,Between Offices,0,0,0,1,0,1,0,28,9:30 AM,4
6/19/2016,48,0,Business,East,West,2.2,Between Offices,0,0,1,0,0,1,0,24,6:00 PM,3
9/20/2016,20,0,Personal,East,West,1.9,Between Offices,0,0,0,1,0,1,0,36,6:30 PM,5
10/21/2016,48,0,Business,East,West,5.7,Meal/Entertain,0,0,0,1,0,1,0,32,7:30 PM,1
12/22/2016,48,0,Business,East,West,8.4,Meal/Entertain,0,0,0,1,0,1,0,40,8:30 PM,2
1/23/2016,48,0,Business,South,East,6.2,Meal/Entertain,1,0,0,1,0,0,1,4,8:00 PM,4
3/24/2016,48,0,Personal,East,East,10.5,Meal/Entertain,1,0,0,1,0,1,0,12,7:00 PM,3
5/25/2016,48,0,Personal,East,East,7.2,Meal/Entertain,1,0,0,1,0,1,0,8,10:00 AM,5
6/26/2016,48,0,Personal,East,East,12.5,Between Offices,1,0,0,1,0,0,1,20,10:30 AM,1
4/27/2016,48,0,Personal,East,East,2,Errand/Supplies,0,0,0,1,0,0,1,16,             8:00PM,2
7/28/2016,48,1,Personal,North,West,2.7,Between Offices,0,0,0,1,0,0,1,28,8:30 AM,4
3/29/2016,20,1,Personal,North,West,2,Meal/Entertain,0,0,0,1,0,0,1,24,8:00 AM,3
2/30/2016,20,1,Business,North,West,2.8,Meal/Entertain,0,0,1,0,0,0,1,36,              9:00AM,5
8/31/2016,16,1,Business,North,West,1.7,Meal/Entertain,0,0,1,0,0,0,1,32,9:30 AM,1
9/1/2016,16,1,Business,North,East,2,Between Offices,0,0,1,0,1,0,0,40,6:00 PM,2
1/2/2016,16,1,Business,North,East,2.1,Meal/Entertain,0,0,1,0,1,0,0,4,6:30 PM,4
2/3/2016,16,1,Personal,North,East,1.7,Between Offices,0,0,1,0,1,0,0,12,7:30 PM,3
3/4/2016,16,1,Business,North,East,136,Between Offices,0,0,1,0,1,0,0,8,8:30 PM,5
4/5/2016,16,1,Business,South,South,30.2,Errand/Supplies,0,0,1,0,1,0,0,20,8:00 PM,1
5/6/2016,16,0,Business,North,South,15.5,Meal/Entertain,0,0,1,0,1,0,0,16,7:00 PM,2
6/7/2016,30,0,Personal,North,South,4.9,Errand/Supplies,0,0,1,0,1,0,0,28,10:00 AM,4
2/8/2016,30,0,Personal,West,South,12.6,Meal/Entertain,0,0,1,0,1,0,0,24,10:30 AM,3
3/9/2016,30,0,Personal,East,East,10.4,Between Offices,0,0,0,1,1,0,0,36,             8:00PM,5
4/10/2016,30,0,Personal,East,North,1.1,Errand/Supplies,0,0,0,1,0,1,0,32,8:30 AM,1
6/11/2016,30,0,Personal,East,North,1.1,Meal/Entertain,0,0,0,1,0,1,0,40,8:00 AM,2
8/12/2016,18,0,Personal,East,North,13.2,Meal/Entertain,0,0,0,1,0,1,0,4,              9:00AM,4
8/13/2016,30,1,Personal,South,North,1,Meal/Entertain,0,0,0,1,0,0,1,12,9:30 AM,3
10/14/2016,30,1,Business,East,South,9.2,Between Offices,0,0,0,1,0,1,0,8,6:00 PM,5
1/15/2016,30,0,Business,East,East,9.4,Errand/Supplies,0,0,0,1,0,0,1,20,6:30 PM,1
9/16/2016,10,0,Business,East,South,12,Between Offices,0,0,0,1,0,1,0,16,7:30 PM,2
10/17/2016,30,1,Personal,East,South,35.1,Between Offices,0,0,0,1,1,0,0,28,8:30 PM,4
8/18/2016,35,0,Personal,North,South,36.5,Between Offices,0,0,0,1,0,1,0,24,8:00 PM,3
9/19/2016,35,1,Personal,North,West,3.1,Between Offices,0,0,0,1,0,1,0,36,7:00 PM,5
3/20/2016,35,0,Personal,North,West,2.1,Between Offices,0,0,0,1,0,1,0,32,10:00 AM,1
2/21/2016,35,0,Personal,North,West,1.2,Meal/Entertain,0,0,0,1,0,1,0,40,10:30 AM,2
2/22/2016,35,1,Personal,North,West,7.5,Meal/Entertain,0,0,0,1,0,1,0,4,             8:00PM,4
10/23/2016,20,0,Business,North,West,57,Meal/Entertain,0,0,0,1,0,1,0,12,8:30 AM,3
12/24/2016,35,0,Business,North,West,5.9,Meal/Entertain,1,0,1,0,0,1,0,8,8:00 AM,5
12/25/2016,35,1,Business,North,West,6.2,Meal/Entertain,1,0,1,0,0,1,0,20,              9:00AM,1
3/26/2016,35,0,Business,South,East,10.4,Meal/Entertain,1,0,1,0,0,0,1,16,9:30 AM,2
7/27/2016,60,1,Personal,North,East,1.2,Meal/Entertain,1,0,1,0,0,1,0,28,6:00 PM,4
8/28/2016,35,0,Business,North,East,9.6,Errand/Supplies,0,0,1,0,0,1,0,24,6:30 PM,3
10/29/2016,35,1,Personal,West,East,1,Errand/Supplies,0,0,1,0,0,0,1,36,7:30 PM,5
9/30/2016,35,0,Business,East,East,0.9,Errand/Supplies,0,0,1,1,0,0,1,32,8:30 PM,1
1/31/2016,35,0,Business,East,West,8.8,Errand/Supplies,0,0,1,1,0,0,1,40,8:00 PM,2
3/1/2016,35,0,Business,East,West,25.6,Errand/Supplies,0,0,1,1,0,0,1,4,7:00 PM,4
8/2/2016,48,0,Business,East,West,23,Errand/Supplies,0,0,1,1,0,0,1,12,10:00 AM,3
7/3/2016,48,0,Personal,South,West,8.1,Errand/Supplies,0,0,1,1,0,0,1,8,10:30 AM,5
9/4/2016,48,1,Personal,East,East,1.4,Errand/Supplies,0,0,1,1,1,0,0,20,             8:00PM,1
12/5/2016,48,1,Personal,East,East,1.7,Errand/Supplies,0,0,1,1,1,0,0,16,8:30 AM,2
11/6/2016,20,1,Personal,East,East,1.6,Between Offices,0,0,1,0,1,0,0,28,8:00 AM,4
10/7/2016,48,1,Personal,East,East,2,Between Offices,0,0,1,0,1,0,0,24,              9:00AM,3
1/8/2016,20,1,Personal,North,South,2.2,Between Offices,0,0,1,0,1,0,0,36,9:30 AM,5
8/9/2016,20,1,Personal,North,South,144,Meal/Entertain,0,0,1,0,1,0,0,32,6:00 PM,1
9/10/2016,16,1,Personal,North,South,310.3,Meal/Entertain,0,0,1,0,1,0,0,40,6:30 PM,2
8/11/2016,16,1,Personal,North,South,201,Meal/Entertain,0,0,1,0,1,0,0,4,7:30 PM,4
8/12/2016,16,1,Personal,North,East,6.7,Meal/Entertain,0,0,0,1,1,0,0,12,8:30 PM,3
9/13/2016,16,1,Personal,North,North,8.8,Meal/Entertain,0,0,1,1,0,1,0,8,8:00 PM,5
5/14/2016,16,1,Personal,North,North,1.2,Between Offices,1,0,0,1,0,1,0,20,7:00 PM,1
4/15/2016,16,1,Business,North,North,2.1,Errand/Supplies,1,0,0,1,0,1,0,16,10:00 AM,2
3/16/2016,16,1,Business,South,North,6.6,Between Offices,0,0,0,1,0,0,1,28,10:30 AM,4
2/17/2016,30,1,Business,North,South,6.1,Meal/Entertain,1,0,0,1,0,1,0,24,             8:00PM,3
5/18/2016,30,1,Personal,North,East,6.9,Meal/Entertain,0,0,1,1,0,0,1,36,8:30 AM,5
9/19/2016,30,1,Personal,West,South,7.3,Meal/Entertain,0,0,1,1,0,1,0,32,8:00 AM,1
6/20/2016,30,1,Personal,East,South,3.6,Between Offices,0,0,1,1,1,0,0,40,              9:00AM,2
5/21/2016,30,0,Personal,East,South,27.2,Meal/Entertain,0,0,1,1,0,1,0,4,9:30 AM,4
5/22/2016,18,0,Personal,East,West,25.7,Between Offices,0,0,1,1,0,1,0,12,6:00 PM,3
4/23/2016,30,0,Personal,East,West,13.6,Between Offices,0,0,1,1,0,1,0,8,6:30 PM,5
6/24/2016,30,0,Personal,South,West,6.2,Errand/Supplies,0,0,1,1,0,1,0,20,7:30 PM,1
4/25/2016,30,0,Personal,East,West,6,Meal/Entertain,0,0,1,1,0,1,0,16,8:30 PM,2
3/26/2016,10,0,Personal,East,West,13.8,Errand/Supplies,0,0,0,0,0,1,0,28,8:00 PM,4
3/27/2016,30,0,Business,East,West,28.8,Meal/Entertain,0,0,0,0,0,1,0,24,7:00 PM,3
2/28/2016,35,0,Business,East,West,16.1,Between Offices,0,0,0,0,0,1,0,36,10:00 AM,5
10/29/2016,35,0,Business,North,East,16.4,Errand/Supplies,0,0,1,0,0,0,1,32,10:30 AM,1
11/30/2016,35,0,Business,North,East,11,Meal/Entertain,0,0,0,0,0,1,0,40,             8:00PM,2
7/31/2016,35,0,Personal,North,East,15.5,Meal/Entertain,0,0,0,0,0,1,0,4,8:30 AM,4
6/1/2016,35,0,Personal,North,East,20.3,Meal/Entertain,0,0,0,1,0,0,1,12,8:00 AM,3
8/2/2016,20,0,Personal,North,East,0.7,Between Offices,0,0,0,1,0,0,1,8,              9:00AM,5
9/3/2016,35,0,Personal,North,West,5.5,Errand/Supplies,0,0,0,1,0,0,1,20,9:30 AM,1
3/4/2016,35,1,Personal,North,West,5.1,Between Offices,1,0,0,1,0,0,1,16,6:00 PM,2
2/5/2016,35,1,Personal,North,West,77.3,Between Offices,1,0,0,1,0,0,1,28,6:30 PM,4
3/6/2016,60,0,Business,South,West,80.5,Between Offices,0,0,0,1,0,0,1,24,7:30 PM,3
7/7/2016,35,0,Business,North,East,174.2,Between Offices,1,0,0,1,1,0,0,36,8:30 PM,5
4/8/2016,35,1,Business,North,East,144,Between Offices,1,0,0,0,1,0,0,32,8:00 PM,1
7/9/2016,35,0,Business,West,East,159.3,Between Offices,0,0,1,0,1,0,0,40,7:00 PM,2
1/10/2016,35,1,Business,East,East,7.9,Between Offices,0,0,1,0,1,0,0,4,10:00 AM,4
8/11/2016,35,0,Business,East,South,8,Meal/Entertain,0,0,1,0,1,0,0,12,10:30 AM,3
5/12/2016,48,1,Business,East,South,6.1,Meal/Entertain,0,0,1,0,1,0,0,8,             8:00PM,5
6/13/2016,48,0,Business,East,South,6.1,Meal/Entertain,0,0,1,0,1,0,0,20,8:30 AM,1
8/14/2016,48,1,Business,South,South,10.5,Meal/Entertain,0,0,0,1,1,0,0,16,8:00 AM,2
7/15/2016,48,0,Personal,East,East,8.7,Meal/Entertain,0,0,1,1,1,0,0,28,              9:00AM,4
3/16/2016,20,1,Personal,East,North,1.8,Between Offices,0,0,0,1,0,1,0,24,9:30 AM,3
4/17/2016,48,0,Personal,East,North,19.1,Errand/Supplies,0,0,0,1,0,1,0,36,6:00 PM,5
8/18/2016,20,0,Personal,East,North,18.6,Between Offices,0,0,0,1,0,1,0,32,6:30 PM,1
2/19/2016,20,0,Personal,North,North,2.8,Meal/Entertain,0,0,0,1,0,0,1,40,7:30 PM,2
5/20/2016,16,0,Personal,North,South,8.9,Meal/Entertain,0,0,1,1,0,1,0,4,8:30 PM,4
2/21/2016,16,0,Business,North,East,7.5,Meal/Entertain,0,0,1,0,0,0,1,12,8:00 PM,3
9/22/2016,16,0,Business,North,South,15.9,Between Offices,0,0,1,0,0,1,0,8,7:00 PM,5
1/23/2016,16,0,Business,North,South,6.5,Meal/Entertain,0,0,1,0,1,0,0,20,10:00 AM,1
2/24/2016,16,0,Business,North,South,15.3,Between Offices,0,0,1,0,0,1,0,16,10:30 AM,2
10/25/2016,16,0,Business,North,West,13.7,Between Offices,0,0,1,0,0,1,0,28,             8:00PM,4
12/26/2016,16,0,Business,North,West,11.9,Errand/Supplies,1,0,1,0,0,1,0,24,8:30 AM,3
11/27/2016,30,0,Personal,South,West,1.4,Meal/Entertain,0,0,1,1,0,1,0,36,8:00 AM,5
9/28/2016,30,0,Personal,North,West,15.2,Errand/Supplies,1,0,0,1,0,1,0,32,              9:00AM,1
8/29/2016,30,0,Personal,North,West,6,Meal/Entertain,1,0,0,1,0,1,0,40,9:30 AM,2
7/30/2016,30,0,Personal,West,West,6.1,Between Offices,0,0,0,1,0,1,0,4,6:00 PM,4
6/31/2016,30,0,Personal,East,West,8.2,Errand/Supplies,0,0,1,1,0,1,0,12,6:30 PM,3
5/1/2016,18,0,Personal,East,East,8,Meal/Entertain,0,0,0,1,0,0,1,8,7:30 PM,5
4/2/2016,30,0,Business,East,East,13.6,Meal/Entertain,0,0,0,1,0,1,0,20,8:30 PM,1
3/3/2016,30,0,Business,East,East,22.5,Meal/Entertain,0,0,0,0,0,1,0,16,8:00 PM,2
2/4/2016,30,0,Business,South,East,10.4,Between Offices,0,0,0,0,0,0,1,28,7:00 PM,4
1/5/2016,10,0,Business,East,East,10,Errand/Supplies,0,0,0,0,0,0,1,24,10:00 AM,3
1/6/2016,30,0,Business,East,West,6,Between Offices,0,0,0,0,0,0,1,36,10:30 AM,5
10/7/2016,35,0,Business,East,West,6.5,Between Offices,0,0,0,0,0,0,1,32,             8:00PM,1
11/8/2016,35,0,Personal,East,West,3.1,Between Offices,0,0,0,0,0,0,1,40,8:30 AM,2
12/9/2016,35,0,Personal,North,West,1.9,Between Offices,0,0,0,1,0,0,1,4,8:00 AM,4
1/10/2016,35,0,Personal,North,East,4.2,Between Offices,0,0,0,1,1,0,0,12,              9:00AM,3
2/11/2016,35,0,Personal,North,East,4.9,Between Offices,0,0,1,1,1,0,0,8,9:30 AM,5
3/12/2016,20,0,Personal,North,East,4.8,Between Offices,0,0,1,1,1,0,0,20,6:00 PM,1
4/13/2016,35,0,Personal,North,East,12.4,Between Offices,0,0,1,1,1,0,0,16,6:30 PM,2
5/14/2016,35,0,Business,North,South,32.8,Between Offices,0,0,1,1,1,0,0,28,7:30 PM,4
7/15/2016,35,0,Business,North,South,5.5,Between Offices,0,0,1,1,1,0,0,24,8:30 PM,3
8/16/2016,60,0,Business,North,South,9.9,Meal/Entertain,0,0,0,0,1,0,0,36,8:00 PM,5
9/17/2016,35,0,Business,South,South,10,Meal/Entertain,0,0,1,0,1,0,0,32,7:00 PM,1
10/18/2016,35,0,Business,North,East,14.2,Meal/Entertain,0,0,0,0,1,0,0,40,10:00 AM,2
11/19/2016,35,0,Business,North,North,18.2,Meal/Entertain,1,0,0,0,0,1,0,4,10:30 AM,4
12/20/2016,35,0,Personal,West,North,7.7,Meal/Entertain,0,0,0,0,0,1,0,12,             8:00PM,3
1/21/2016,35,0,Personal,East,North,6.8,Between Offices,1,0,0,0,0,1,0,8,8:30 AM,5
6/22/2016,48,0,Personal,East,North,2.1,Errand/Supplies,1,0,1,1,0,0,1,20,8:00 AM,1
7/23/2016,48,0,Personal,East,South,2.3,Between Offices,0,0,1,1,0,1,0,16,              9:00AM,2
9/24/2016,48,0,Personal,East,East,6.2,Meal/Entertain,0,0,1,1,0,0,1,28,9:30 AM,4
8/25/2016,48,0,Personal,South,South,7.5,Meal/Entertain,0,0,1,1,0,1,0,24,6:00 PM,3
3/26/2016,20,0,Personal,East,South,3.1,Meal/Entertain,0,0,1,1,1,0,0,36,6:30 PM,5
4/27/2016,48,0,Personal,East,South,2.2,Between Offices,0,0,1,1,0,1,0,32,7:30 PM,1
4/28/2016,20,0,Personal,East,West,3.9,Meal/Entertain,0,0,1,1,0,1,0,40,8:30 PM,2
3/29/2016,20,0,Personal,East,West,2.5,Between Offices,0,0,1,0,0,1,0,4,8:00 PM,4
5/30/2016,16,0,Personal,North,West,8.7,Between Offices,0,0,0,0,0,1,0,12,7:00 PM,3
6/31/2016,16,0,Personal,North,West,14.5,Errand/Supplies,0,0,0,0,0,1,0,8,10:00 AM,5
9/1/2016,16,0,Business,North,West,4.5,Meal/Entertain,0,0,0,0,0,1,0,20,10:30 AM,1
9/2/2016,16,0,Personal,North,West,5,Errand/Supplies,0,0,1,0,0,1,0,16,             8:00PM,2
10/3/2016,16,0,Personal,North,West,14.2,Meal/Entertain,0,0,0,0,0,1,0,28,8:30 AM,4
12/4/2016,16,0,Personal,North,East,2.9,Between Offices,0,0,0,1,0,0,1,24,8:00 AM,3
1/5/2016,16,0,Personal,North,East,12.9,Errand/Supplies,0,0,0,1,0,1,0,36,              9:00AM,5
11/6/2016,30,0,Personal,North,East,14.4,Meal/Entertain,0,0,0,1,0,1,0,32,9:30 AM,1
8/7/2016,30,0,Personal,South,East,17,Meal/Entertain,0,0,0,1,0,0,1,40,6:00 PM,2
9/8/2016,30,0,Business,North,East,7.9,Meal/Entertain,0,0,0,1,0,0,1,4,6:30 PM,4
2/9/2016,30,0,Business,North,West,8.4,Between Offices,0,0,0,1,0,0,1,12,7:30 PM,3
3/10/2016,30,0,Business,West,West,20.5,Errand/Supplies,0,0,0,1,0,0,1,8,8:30 PM,5
7/11/2016,18,0,Business,East,West,9.8,Between Offices,0,0,0,0,0,0,1,20,8:00 PM,1
9/12/2016,30,0,Business,East,West,17.6,Between Offices,0,0,0,0,0,0,1,16,7:00 PM,2
8/13/2016,30,0,Business,East,East,9.3,Between Offices,0,0,1,0,1,0,0,28,10:00 AM,4
12/14/2016,30,0,Business,East,East,7.9,Between Offices,0,0,1,0,1,0,0,24,10:30 AM,3
3/15/2016,10,0,Business,South,East,25.6,Between Offices,0,0,1,0,1,0,0,36,             8:00PM,5
4/16/2016,30,0,Business,East,East,8.1,Between Offices,0,0,1,0,1,0,0,32,8:30 AM,1
5/17/2016,35,0,Business,East,South,3.1,Between Offices,0,0,1,1,1,0,0,40,8:00 AM,2
6/18/2016,35,0,Business,East,South,3.1,Meal/Entertain,0,0,0,1,1,0,0,4,              9:00AM,4
5/19/2016,35,0,Business,East,South,2.8,Meal/Entertain,0,0,1,1,1,0,0,12,9:30 AM,3
6/20/2016,35,0,Personal,North,South,2.7,Meal/Entertain,0,0,0,1,1,0,0,8,6:00 PM,5
7/21/2016,35,0,Personal,North,East,1.9,Meal/Entertain,0,0,0,1,1,0,0,20,6:30 PM,1
9/22/2016,20,0,Personal,North,North,8.4,Meal/Entertain,0,0,0,1,0,1,0,16,7:30 PM,2
10/23/2016,35,0,Personal,North,North,7.6,Between Offices,0,0,0,1,0,1,0,28,8:30 PM,4
11/24/2016,35,0,Personal,North,North,2.9,Errand/Supplies,0,0,1,0,0,1,0,24,8:00 PM,3
7/25/2016,35,0,Personal,North,North,11.2,Between Offices,0,0,1,0,0,0,1,36,7:00 PM,5
7/26/2016,60,0,Business,North,South,8.2,Meal/Entertain,0,0,1,0,0,1,0,32,10:00 AM,1
4/27/2016,35,0,Business,North,East,3,Meal/Entertain,0,0,1,0,1,0,0,40,10:30 AM,2
6/28/2016,35,0,Business,South,South,2.5,Meal/Entertain,0,0,1,0,1,0,1,4,             8:00PM,4
7/29/2016,35,0,Business,North,South,3.6,Between Offices,0,0,1,0,1,0,0,12,8:30 AM,3
2/30/2016,35,0,Personal,North,South,3.6,Meal/Entertain,0,0,1,1,1,0,0,8,8:00 AM,5
8/31/2016,35,0,Personal,West,West,4.5,Between Offices,0,0,1,1,1,0,0,20,              9:00AM,1
6/1/2016,48,0,Personal,East,West,1.2,Between Offices,0,0,0,1,1,0,0,16,9:30 AM,2
4/2/2016,48,0,Personal,East,West,1.7,Errand/Supplies,0,0,0,1,1,0,0,28,6:00 PM,4
5/3/2016,48,0,Personal,East,West,4.7,Meal/Entertain,0,0,0,1,1,0,0,24,6:30 PM,3
7/4/2016,48,0,Personal,East,West,6.1,Errand/Supplies,0,0,1,1,1,1,0,36,7:30 PM,5
9/5/2016,20,0,Business,South,West,11.3,Meal/Entertain,0,0,0,1,1,1,0,32,8:30 PM,1
11/6/2016,48,0,Business,East,West,14.9,Between Offices,0,0,0,0,1,0,0,40,8:00 PM,2
10/7/2016,20,0,Business,East,East,14,Errand/Supplies,0,0,0,0,1,0,0,4,7:00 PM,4
1/8/2016,20,0,Business,East,East,1.8,Meal/Entertain,0,0,0,0,1,0,0,12,10:00 AM,3
12/9/2016,16,0,Business,East,East,6.7,Meal/Entertain,0,0,0,0,1,0,0,8,10:30 AM,5
3/10/2016,16,0,Business,North,East,9.6,Meal/Entertain,0,0,0,0,1,0,0,20,             8:00PM,1
4/11/2016,16,0,Personal,North,East,10.4,Between Offices,0,0,0,0,1,0,0,16,8:30 AM,2
6/12/2016,16,0,Personal,North,West,9.9,Errand/Supplies,1,0,0,1,0,1,0,28,8:00 AM,4
7/13/2016,16,0,Personal,North,West,6,Between Offices,1,0,0,1,0,1,0,24,              9:00AM,3
9/14/2016,16,0,Personal,North,West,3.3,Between Offices,0,0,0,1,0,1,0,36,9:30 AM,5
8/15/2016,16,0,Personal,North,West,3.1,Between Offices,1,0,1,1,0,1,0,32,6:00 PM,1
7/16/2016,30,0,Personal,North,East,1.7,Between Offices,0,0,1,1,0,1,0,40,6:30 PM,2
6/17/2016,30,0,Business,North,East,4,Between Offices,0,0,1,1,0,1,0,4,7:30 PM,4
4/18/2016,30,0,Business,South,East,7.8,Between Offices,0,0,1,1,0,1,1,12,8:30 PM,3
7/19/2016,30,0,Business,North,East,7.8,Between Offices,0,0,1,0,0,1,0,8,8:00 PM,5
8/20/2016,30,0,Personal,North,South,3.8,Between Offices,0,0,0,0,0,0,0,20,7:00 PM,1
9/21/2016,18,0,Personal,West,South,2.5,Meal/Entertain,0,0,1,0,0,1,0,16,10:00 AM,2
10/22/2016,30,0,Personal,East,South,9.9,Meal/Entertain,0,0,0,0,0,1,0,28,10:30 AM,4
12/23/2016,30,0,Personal,East,South,9.9,Meal/Entertain,0,0,0,0,1,0,0,24,             8:00PM,3
11/24/2016,30,0,Personal,East,East,3,Meal/Entertain,1,0,0,0,1,0,0,36,8:30 AM,5
7/25/2016,10,1,Personal,East,North,2.4,Meal/Entertain,1,0,0,1,1,0,0,32,8:00 AM,1
9/26/2016,30,1,Business,South,North,5.7,Between Offices,1,0,1,1,1,0,0,40,              9:00AM,2
5/27/2016,35,1,Business,East,North,7.2,Errand/Supplies,0,0,1,1,1,0,0,4,9:30 AM,4
4/28/2016,35,1,Personal,East,North,10.4,Between Offices,1,0,1,1,0,1,0,12,6:00 PM,3
1/29/2016,35,1,Personal,East,South,9.9,Meal/Entertain,1,0,1,1,0,1,0,8,6:30 PM,5
7/30/2016,35,1,Personal,East,East,10.4,Meal/Entertain,0,0,1,1,0,1,0,20,7:30 PM,1
8/31/2016,35,0,Personal,North,South,9.9,Meal/Entertain,0,0,1,1,0,0,1,16,8:30 PM,2
8/1/2016,20,0,Personal,North,South,8.7,Between Offices,0,0,1,0,0,1,0,28,8:00 PM,4
9/2/2016,35,0,Personal,North,South,22.3,Meal/Entertain,0,0,1,0,1,0,0,24,7:00 PM,3
7/3/2016,35,1,Business,North,West,3.3,Between Offices,0,0,0,0,1,0,1,36,10:00 AM,5
4/4/2016,35,0,Business,North,West,0.7,Between Offices,0,0,0,0,1,0,0,32,10:30 AM,1
7/5/2016,60,0,Business,North,West,2.5,Errand/Supplies,0,0,0,0,1,0,0,40,             8:00PM,2
1/6/2016,35,0,Business,North,West,0.5,Meal/Entertain,0,0,1,0,1,0,0,4,8:30 AM,4
12/7/2016,35,0,Business,North,West,0.9,Errand/Supplies,0,0,0,1,1,0,0,12,8:00 AM,3
11/8/2016,35,0,Personal,South,West,4.8,Meal/Entertain,0,0,0,1,1,0,0,8,              9:00AM,5
2/9/2016,35,0,Personal,North,West,16.3,Between Offices,1,0,0,1,1,0,0,20,9:30 AM,1
3/10/2016,35,0,Personal,North,East,10.4,Errand/Supplies,1,0,0,1,1,1,0,16,6:00 PM,2
5/11/2016,48,0,Personal,West,East,9.9,Meal/Entertain,1,0,0,1,1,1,0,28,6:30 PM,4
7/12/2016,48,0,Personal,East,East,3.7,Meal/Entertain,0,0,0,1,1,0,0,24,7:30 PM,3
8/13/2016,48,0,Personal,East,East,4.6,Meal/Entertain,1,0,0,1,1,0,0,36,8:30 PM,5
9/14/2016,48,0,Personal,East,East,1.7,Between Offices,1,0,0,0,1,0,0,32,8:00 PM,1
10/15/2016,20,1,Personal,East,West,10.4,Errand/Supplies,0,0,0,0,1,0,0,40,7:00 PM,2
12/16/2016,48,1,Personal,South,West,9.9,Between Offices,1,0,0,0,1,0,0,4,10:00 AM,4
8/17/2016,20,1,Personal,East,West,2.5,Between Offices,1,0,1,0,1,0,0,12,10:30 AM,3
6/18/2016,20,1,Personal,East,West,4.3,Between Offices,1,0,1,0,0,1,0,8,             8:00PM,5
7/19/2016,16,0,Personal,East,East,2.8,Between Offices,1,0,1,0,0,1,0,20,8:30 AM,1
8/20/2016,16,0,Personal,East,East,8.4,Meal/Entertain,1,0,1,1,0,1,0,16,8:00 AM,2
9/21/2016,16,0,Personal,North,East,13.2,Errand/Supplies,1,0,1,1,0,1,0,28,              9:00AM,4
10/22/2016,16,0,Personal,North,East,3.9,Meal/Entertain,1,0,0,1,0,1,0,24,9:30 AM,3
12/23/2016,16,0,Business,North,South,5.1,Meal/Entertain,1,0,1,1,0,1,0,36,6:00 PM,5
11/24/2016,16,0,Business,North,South,5.2,Between Offices,0,0,0,1,0,1,1,32,6:30 PM,1
3/25/2016,16,0,Business,North,South,9.8,Between Offices,1,0,0,1,0,1,0,40,7:30 PM,2
9/26/2016,30,0,Personal,North,South,11.6,Between Offices,1,0,0,1,0,0,0,3,8:30 PM,4
2/27/2016,30,0,Personal,North,East,5.1,Meal/Entertain,1,0,0,0,0,1,0,9,8:00 PM,3
6/28/2016,30,1,Personal,North,North,9.3,Meal/Entertain,0,0,1,0,0,1,0,6,7:00 PM,5
5/29/2016,30,1,Personal,South,North,12.4,Meal/Entertain,0,0,1,0,1,0,0,15,10:00 AM,1
9/30/2016,30,1,Personal,North,North,1.9,Meal/Entertain,0,0,1,1,1,0,0,12,10:30 AM,2
6/31/2016,18,0,Personal,North,North,6.4,Meal/Entertain,0,0,1,1,1,0,0,21,             8:00PM,4
3/1/2016,30,1,Personal,West,South,5.5,Between Offices,0,0,1,1,1,0,0,18,8:30 AM,3
6/2/2016,30,1,Personal,East,East,1.5,Errand/Supplies,1,0,1,1,0,1,0,27,8:00 AM,5
7/3/2016,30,1,Personal,East,South,14.5,Between Offices,1,0,1,0,0,1,0,24,              9:00AM,1
9/4/2016,10,1,Business,East,South,2.7,Meal/Entertain,1,0,1,0,0,1,0,30,9:30 AM,2
2/5/2016,30,0,Business,East,South,15,Meal/Entertain,0,0,0,0,0,0,1,3,6:00 PM,4
1/6/2016,35,0,Business,South,West,12.9,Meal/Entertain,1,0,0,1,0,1,0,9,6:30 PM,3
10/7/2016,35,0,Business,East,West,13.6,Between Offices,1,0,0,1,1,0,0,6,7:30 PM,5
10/8/2016,35,0,Business,East,West,12.2,Meal/Entertain,1,0,1,1,1,0,1,15,8:30 PM,1
12/9/2016,35,0,Business,East,West,8.7,Between Offices,1,0,0,1,1,0,0,12,8:00 PM,2
12/10/2016,35,0,Personal,East,West,6,Between Offices,1,0,0,0,1,0,0,21,7:00 PM,4
7/11/2016,20,0,Personal,North,West,5.9,Errand/Supplies,1,0,0,0,1,0,0,18,10:00 AM,3
2/12/2016,35,0,Personal,North,West,19.3,Meal/Entertain,1,0,0,0,1,0,0,27,10:30 AM,5
4/13/2016,35,0,Personal,North,East,16.6,Errand/Supplies,1,0,0,1,1,0,0,24,             8:00PM,1
9/14/2016,35,0,Personal,North,East,7.1,Meal/Entertain,0,0,0,1,1,0,0,30,8:30 AM,2
10/15/2016,60,0,Personal,North,East,2.1,Between Offices,1,0,0,1,1,1,0,3,8:00 AM,4
12/16/2016,35,0,Business,North,East,8.6,Errand/Supplies,1,0,0,1,1,1,0,9,              9:00AM,3
8/17/2016,35,0,Business,North,East,9,Meal/Entertain,0,0,0,0,1,0,0,6,9:30 AM,5
2/18/2016,35,0,Business,North,West,3.1,Meal/Entertain,1,0,0,0,1,0,0,15,6:00 PM,1
6/19/2016,35,0,Personal,South,West,8.4,Meal/Entertain,1,0,1,0,1,0,0,12,6:30 PM,2
9/20/2016,35,0,Personal,North,West,12.8,Between Offices,1,0,1,1,1,0,0,21,7:30 PM,4
5/21/2016,48,0,Personal,North,West,4.5,Errand/Supplies,0,0,1,1,1,0,0,18,8:30 PM,3
4/22/2016,48,0,Personal,West,East,11.8,Between Offices,0,0,1,1,1,0,0,27,8:00 PM,5
1/23/2016,48,0,Personal,East,East,1.1,Between Offices,0,0,1,1,0,1,0,24,7:00 PM,1
2/24/2016,48,0,Personal,East,East,17,Between Offices,0,0,0,0,0,1,0,30,10:00 AM,2
3/25/2016,20,0,Business,East,East,1.7,Between Offices,0,0,1,0,0,1,0,3,10:30 AM,4
3/26/2016,48,0,Business,East,South,15.5,Between Offices,0,0,0,0,0,1,0,9,             8:00PM,3
4/27/2016,20,0,Business,South,South,1.6,Between Offices,0,0,0,1,0,1,0,6,8:30 AM,5
8/28/2016,20,0,Personal,East,South,1.5,Between Offices,0,0,0,1,0,1,0,15,8:00 AM,1
12/29/2016,16,0,Personal,East,South,12.6,Meal/Entertain,0,0,0,1,0,1,1,12,              9:00AM,2
5/30/2016,16,0,Personal,East,East,4.8,Meal/Entertain,0,0,1,1,0,1,0,21,9:30 AM,4
8/31/2016,16,0,Personal,East,North,2.2,Meal/Entertain,0,0,1,0,0,0,0,18,6:00 PM,3
4/1/2016,16,0,Personal,North,North,13,Meal/Entertain,1,0,1,0,0,1,0,27,6:30 PM,5
5/2/2016,16,0,Personal,North,North,46.9,Meal/Entertain,0,0,1,0,0,1,0,24,7:30 PM,1
8/3/2016,16,0,Business,North,North,2.5,Between Offices,1,0,1,1,1,0,0,30,8:30 PM,2
9/4/2016,16,0,Business,North,South,8.6,Errand/Supplies,1,0,1,1,1,0,0,3,8:00 PM,4
7/5/2016,30,0,Business,North,East,5.2,Between Offices,1,0,1,1,1,0,0,9,7:00 PM,3
6/6/2016,30,0,Business,North,South,7.6,Meal/Entertain,1,0,1,1,1,0,0,6,10:00 AM,5
1/7/2016,30,0,Business,North,South,1.8,Meal/Entertain,1,0,0,0,0,1,0,15,10:30 AM,1
1/8/2016,30,0,Business,North,South,4.7,Meal/Entertain,0,0,0,0,0,1,0,12,             8:00PM,2
10/9/2016,30,0,Personal,South,West,2.8,Between Offices,0,0,0,0,0,1,0,21,8:30 AM,4
12/10/2016,18,0,Personal,North,West,30,Meal/Entertain,0,0,1,1,0,0,1,18,8:00 AM,3
6/11/2016,30,0,Personal,North,West,4.4,Between Offices,0,0,0,1,0,1,0,27,              9:00AM,5
8/12/2016,30,0,Personal,West,West,1,Between Offices,1,0,0,1,1,0,0,24,9:30 AM,1
9/13/2016,30,0,Personal,East,West,8.2,Errand/Supplies,1,0,0,1,1,0,1,30,6:00 PM,2
7/14/2016,10,0,Personal,East,West,10.4,Meal/Entertain,1,0,0,0,1,0,0,3,6:30 PM,4
4/15/2016,30,0,Business,East,West,9.9,Errand/Supplies,1,0,0,0,1,0,0,9,7:30 PM,3
6/16/2016,35,0,Business,East,East,9.9,Meal/Entertain,1,0,0,0,1,0,0,6,8:30 PM,5
2/17/2016,35,0,Business,South,East,7.3,Between Offices,0,0,0,1,1,0,0,15,8:00 PM,1
1/18/2016,35,0,Business,East,East,7.4,Errand/Supplies,1,0,0,1,1,0,0,12,7:00 PM,2
4/19/2016,35,0,Business,East,East,1.6,Meal/Entertain,1,0,0,1,1,0,0,21,10:00 AM,4
9/20/2016,35,0,Business,East,East,1.8,Meal/Entertain,0,0,0,1,1,1,0,18,10:30 AM,3
3/21/2016,20,0,Personal,East,West,10.4,Meal/Entertain,1,0,1,0,1,1,0,27,             8:00PM,5
7/22/2016,35,0,Personal,North,West,9.9,Between Offices,1,0,1,0,1,0,0,24,8:30 AM,1
1/23/2016,35,0,Personal,North,West,9.9,Errand/Supplies,1,0,1,0,1,0,0,30,8:00 AM,2
2/24/2016,35,0,Personal,North,West,9.9,Between Offices,1,0,1,1,1,0,0,3,              9:00AM,4
8/25/2016,60,0,Personal,North,East,13.3,Between Offices,1,0,1,1,1,0,0,9,9:30 AM,3
9/26/2016,35,0,Personal,North,East,11.3,Between Offices,0,0,0,1,1,0,0,6,6:00 PM,5
7/27/2016,35,0,Business,North,East,10.5,Between Offices,1,0,1,1,1,0,0,15,6:30 PM,1
6/28/2016,35,0,Business,North,East,9.9,Between Offices,1,0,0,0,0,1,0,12,7:30 PM,2
2/29/2016,35,1,Business,North,South,10.1,Between Offices,0,0,0,0,0,1,0,21,8:30 PM,4
3/30/2016,35,0,Business,South,South,9.9,Between Offices,1,0,0,0,0,1,0,18,8:00 PM,3
4/31/2016,48,0,Business,North,South,3.1,Between Offices,1,0,0,1,0,1,0,27,7:00 PM,5
1/1/2016,48,0,Business,North,South,3.1,Meal/Entertain,0,0,1,1,0,1,0,24,10:00 AM,1
2/2/2016,48,1,Business,West,East,9.9,Meal/Entertain,1,0,1,1,0,1,0,30,10:30 AM,2
3/3/2016,48,1,Business,East,North,9.9,Meal/Entertain,1,0,1,1,0,1,1,3,             8:00PM,4
4/4/2016,20,1,Business,East,North,8.8,Meal/Entertain,1,0,1,1,0,1,0,9,8:30 AM,3
5/5/2016,48,1,Personal,East,North,8.7,Meal/Entertain,1,0,1,0,0,0,0,6,8:00 AM,5
6/6/2016,20,1,Personal,East,North,11.8,Between Offices,1,0,1,0,0,1,0,15,              9:00AM,1
7/7/2016,20,1,Personal,South,South,1.2,Errand/Supplies,0,0,1,0,0,1,0,12,9:30 AM,2
8/8/2016,16,1,Personal,East,East,9.9,Between Offices,1,0,1,1,1,0,0,21,6:00 PM,4
9/9/2016,16,0,Personal,East,South,0.6,Meal/Entertain,0,0,0,1,1,0,0,18,6:30 PM,3
9/10/2016,16,0,Personal,East,South,9.9,Meal/Entertain,0,0,0,1,1,0,0,27,7:30 PM,5
10/11/2016,16,1,Business,East,South,8.6,Meal/Entertain,0,0,0,1,1,0,0,24,8:30 PM,1
12/12/2016,16,0,Business,North,West,6.3,Between Offices,0,0,1,0,0,1,0,30,8:00 PM,2
11/13/2016,16,0,Business,North,West,9.9,Meal/Entertain,0,0,0,0,0,1,0,3,7:00 PM,4
7/14/2016,16,0,Personal,North,West,9.9,Between Offices,0,0,0,0,0,1,0,9,10:00 AM,3
1/15/2016,30,0,Personal,North,West,3.3,Between Offices,0,0,0,1,0,0,1,6,10:30 AM,5
2/16/2016,30,0,Personal,North,West,3.1,Errand/Supplies,0,0,0,1,0,1,0,15,             8:00PM,1
6/17/2016,30,0,Personal,North,West,7.9,Meal/Entertain,0,0,0,0,1,0,0,12,8:30 AM,2
8/18/2016,30,0,Personal,North,West,8.9,Errand/Supplies,0,0,0,0,1,0,1,21,8:00 AM,4
3/19/2016,30,0,Personal,North,East,12.8,Meal/Entertain,0,0,0,0,1,0,0,18,              9:00AM,3
4/20/2016,18,0,Business,South,East,7.7,Between Offices,1,0,0,1,1,0,0,27,9:30 AM,5
8/21/2016,30,0,Business,North,East,7,Errand/Supplies,1,0,0,1,1,0,0,24,6:00 PM,1
9/22/2016,30,0,Business,North,East,12.5,Meal/Entertain,0,0,0,1,1,0,0,30,6:30 PM,2
10/23/2016,30,1,Business,West,East,13.2,Meal/Entertain,1,0,1,1,1,0,0,3,7:30 PM,4
12/24/2016,10,0,Business,East,West,13,Meal/Entertain,1,0,1,0,1,0,0,9,8:30 PM,3
4/25/2016,30,1,Business,East,West,4.9,Between Offices,1,0,1,0,1,1,0,6,8:00 PM,5
3/26/2016,35,1,Business,East,West,8.5,Errand/Supplies,1,0,1,0,1,1,0,15,7:00 PM,1
8/27/2016,35,0,Business,East,West,1.3,Between Offices,1,0,1,1,1,0,0,12,10:00 AM,2
9/28/2016,35,1,Business,South,East,1.8,Between Offices,0,0,0,1,1,0,0,21,10:30 AM,4
12/29/2016,35,0,Personal,East,East,13.6,Between Offices,1,0,1,0,1,0,0,18,             8:00PM,3
9/30/2016,35,0,Personal,East,East,13.4,Between Offices,1,0,0,0,1,0,0,27,8:30 AM,5
6/31/2016,20,1,Personal,East,East,12.3,Meal/Entertain,1,0,0,0,1,0,0,24,8:00 AM,1
9/1/2016,35,1,Personal,East,South,1.4,Between Offices,1,0,0,1,1,0,0,30,              9:00AM,2
5/2/2016,35,1,Personal,North,South,8.7,Between Offices,1,0,0,1,0,1,0,3,9:30 AM,4
4/3/2016,35,0,Personal,North,South,23.5,Between Offices,0,0,1,1,0,1,0,9,6:00 PM,3
3/4/2016,60,1,Personal,North,South,2.2,Meal/Entertain,1,0,1,1,0,1,0,6,6:30 PM,5
9/5/2016,35,1,Personal,North,East,4.4,Meal/Entertain,1,0,1,0,0,1,0,15,7:30 PM,1
10/6/2016,35,1,Personal,North,North,3.3,Meal/Entertain,1,0,1,0,0,1,0,12,8:30 PM,2
11/7/2016,35,1,Business,North,North,11.8,Meal/Entertain,1,0,1,0,0,1,0,21,8:00 PM,4
12/8/2016,35,1,Business,North,North,195.3,Meal/Entertain,1,0,1,1,0,1,1,18,7:00 PM,3
1/9/2016,35,0,Personal,North,North,8.3,Between Offices,0,0,1,1,0,1,0,27,10:00 AM,5
8/10/2016,48,0,Personal,South,South,3.2,Errand/Supplies,1,0,1,0,0,0,0,24,10:30 AM,1
9/11/2016,48,0,Personal,North,East,22.4,Between Offices,1,0,0,0,0,1,0,30,             8:00PM,2
5/12/2016,48,0,Personal,North,South,12.2,Meal/Entertain,1,0,0,0,0,1,0,3,8:30 AM,4
3/13/2016,48,1,Personal,West,South,4.5,Meal/Entertain,1,0,0,1,1,0,0,9,8:00 AM,3
3/14/2016,20,0,Personal,East,South,28.1,Meal/Entertain,1,0,1,1,1,0,0,6,              9:00AM,5
4/15/2016,48,0,Personal,East,West,3.8,Between Offices,0,0,0,1,1,0,0,15,9:30 AM,1
5/16/2016,20,0,Personal,East,West,41.9,Meal/Entertain,1,0,0,1,1,0,0,12,6:00 PM,2
6/17/2016,20,1,Personal,East,West,23.8,Between Offices,0,0,0,0,0,1,0,21,6:30 PM,4
7/18/2016,16,1,Personal,South,West,13,Between Offices,0,0,0,0,0,1,0,18,7:30 PM,3
8/19/2016,16,1,Business,East,West,4.4,Errand/Supplies,0,0,0,0,0,1,0,27,8:30 PM,5
11/20/2016,16,0,Personal,East,West,15.1,Meal/Entertain,0,0,0,1,0,0,1,24,8:00 PM,1
2/21/2016,16,1,Personal,East,West,180.2,Errand/Supplies,0,0,0,1,0,1,0,30,7:00 PM,2
4/22/2016,16,1,Personal,East,East,4.1,Meal/Entertain,1,0,0,0,1,0,0,3,10:00 AM,4
8/23/2016,16,0,Personal,North,East,6.1,Between Offices,1,0,0,0,1,0,1,9,10:30 AM,3
9/24/2016,16,1,Personal,North,East,3.3,Errand/Supplies,0,0,0,0,1,0,0,6,             8:00PM,5
10/25/2016,30,1,Personal,North,East,4.7,Meal/Entertain,1,0,1,1,1,0,0,15,8:30 AM,1
2/26/2016,30,1,Business,North,East,7.2,Meal/Entertain,0,0,1,1,1,0,0,12,8:00 AM,2
5/27/2016,30,0,Business,North,West,5.5,Meal/Entertain,0,0,1,1,1,0,0,21,              9:00AM,4
2/28/2016,30,0,Business,North,West,3.3,Between Offices,0,0,1,1,1,0,0,18,9:30 AM,3
8/29/2016,30,0,Business,North,West,0.9,Errand/Supplies,0,0,1,0,1,0,0,27,6:00 PM,5
9/30/2016,18,1,Business,North,West,3.8,Between Offices,0,0,0,0,1,1,0,24,6:30 PM,1
7/31/2016,30,0,Business,South,East,6.4,Between Offices,0,0,1,0,1,1,0,30,7:30 PM,2
4/1/2016,30,0,Business,North,East,3,Between Offices,0,0,0,1,1,0,0,3,8:30 PM,4
2/2/2016,30,1,Business,North,East,8.7,Between Offices,0,0,0,1,1,0,0,9,8:00 PM,3
9/3/2016,10,0,Business,West,East,3.9,Between Offices,0,0,0,0,1,0,0,6,7:00 PM,5
1/4/2016,30,0,Personal,East,South,4.8,Between Offices,0,0,0,0,1,0,0,15,10:00 AM,1
3/5/2016,35,0,Personal,East,South,2.8,Between Offices,0,0,1,0,1,0,0,12,10:30 AM,2
2/6/2016,35,1,Personal,East,South,1.4,Between Offices,1,0,1,1,1,0,0,21,             8:00PM,4
4/7/2016,35,0,Personal,East,South,1.4,Meal/Entertain,1,0,1,1,0,1,0,18,8:30 AM,3
4/8/2016,35,0,Personal,South,East,2.7,Meal/Entertain,0,0,1,1,0,1,0,27,8:00 AM,5
7/9/2016,35,0,Personal,East,North,2.3,Meal/Entertain,1,0,1,1,0,1,0,24,              9:00AM,1
5/10/2016,20,0,Business,East,North,3.7,Meal/Entertain,1,0,1,0,0,1,0,30,9:30 AM,2
9/11/2016,35,0,Business,East,North,2.9,Meal/Entertain,1,0,1,0,0,1,0,3,6:00 PM,4
6/12/2016,35,0,Business,East,North,3.8,Between Offices,1,0,1,0,0,1,0,9,6:30 PM,3
7/13/2016,35,1,Personal,North,South,5.1,Errand/Supplies,1,0,0,1,0,1,1,6,7:30 PM,5
9/14/2016,60,1,Personal,North,East,9.1,Between Offices,0,0,0,1,0,1,0,15,8:30 PM,1
11/15/2016,35,1,Personal,North,South,8,Meal/Entertain,1,0,0,0,0,0,0,12,8:00 PM,2
10/16/2016,35,1,Personal,North,South,9.9,Meal/Entertain,1,0,1,0,0,1,0,21,7:00 PM,4
8/17/2016,35,1,Personal,North,South,6.1,Meal/Entertain,1,0,0,0,0,1,0,18,10:00 AM,3
7/18/2016,35,0,Personal,North,West,12.2,Between Offices,1,0,0,1,1,0,0,27,10:30 AM,5
2/19/2016,35,1,Business,North,West,8,Meal/Entertain,1,0,0,1,1,0,0,24,             8:00PM,1
7/20/2016,48,1,Business,North,West,4,Between Offices,1,0,0,1,1,0,0,30,8:30 AM,2
9/21/2016,48,1,Business,South,West,9.5,Between Offices,1,0,0,1,1,0,0,3,8:00 AM,4
7/22/2016,48,0,Business,North,West,3,Errand/Supplies,1,0,0,0,0,1,0,9,              9:00AM,3
9/23/2016,48,1,Business,North,West,6.3,Meal/Entertain,0,0,0,0,0,1,0,6,9:30 AM,5
5/24/2016,20,1,Business,West,West,10.4,Errand/Supplies,1,0,0,0,0,1,0,15,6:00 PM,1
2/25/2016,48,1,Business,East,East,9.9,Meal/Entertain,1,0,0,1,0,0,1,12,6:30 PM,2
4/26/2016,20,1,Business,East,East,1.5,Between Offices,1,0,0,1,0,1,0,21,7:30 PM,4
8/27/2016,20,0,Business,East,East,4.9,Errand/Supplies,1,0,1,0,1,0,0,18,8:30 PM,3
5/28/2016,16,1,Personal,East,East,7.9,Meal/Entertain,1,0,1,0,1,0,1,27,8:00 PM,5
2/29/2016,16,1,Personal,South,East,1.7,Meal/Entertain,0,0,1,0,1,0,0,24,7:00 PM,1
1/30/2016,16,0,Personal,East,West,2.2,Meal/Entertain,0,0,1,1,1,0,0,30,10:00 AM,2
2/31/2016,16,0,Personal,East,West,2.1,Between Offices,0,0,1,1,1,0,0,3,10:30 AM,4
3/1/2016,16,1,Personal,East,West,2.5,Errand/Supplies,0,0,0,1,1,0,0,9,             8:00PM,3
4/2/2016,16,1,Personal,East,West,2.5,Between Offices,0,0,1,1,1,0,0,6,8:30 AM,5
5/3/2016,16,0,Business,North,East,2.8,Between Offices,0,0,0,0,1,0,0,15,8:00 AM,1
9/4/2016,30,1,Business,North,East,14.7,Between Offices,0,0,0,0,1,1,0,12,              9:00AM,2
8/5/2016,30,1,Business,North,East,14.6,Between Offices,0,0,0,0,1,1,0,21,9:30 AM,4
11/6/2016,30,1,Business,North,East,2.3,Between Offices,0,0,0,1,1,0,0,18,6:00 PM,3
12/7/2016,30,0,Business,North,South,2.2,Between Offices,0,0,1,1,1,0,0,27,6:30 PM,5
1/8/2016,30,0,Business,North,South,2.2,Errand/Supplies,0,0,1,0,1,0,0,24,7:30 PM,1
2/9/2016,18,0,Business,North,South,14,Between Offices,0,0,1,0,1,0,0,30,8:30 PM,2
2/10/2016,30,0,Business,North,South,13.3,Between Offices,0,0,1,0,1,0,0,3,8:00 PM,4
3/11/2016,30,0,Business,South,East,1.8,Between Offices,1,0,1,1,1,0,0,9,7:00 PM,3
3/12/2016,30,1,Business,North,North,6.2,Meal/Entertain,1,0,1,1,0,1,0,6,10:00 AM,5
5/13/2016,10,0,Business,North,North,1.3,Meal/Entertain,1,0,1,1,0,1,0,15,10:30 AM,1
6/14/2016,30,0,Business,West,North,1.9,Meal/Entertain,1,0,1,1,0,1,0,12,             8:00PM,2
1/15/2016,35,0,Personal,East,North,6.9,Meal/Entertain,1,0,0,0,0,1,0,21,8:30 AM,4
1/16/2016,35,1,Personal,East,South,4.6,Meal/Entertain,0,0,0,0,0,1,0,18,8:00 AM,3
2/17/2016,35,0,Personal,East,East,2.8,Between Offices,1,0,0,0,0,1,0,27,              9:00AM,5
12/18/2016,35,0,Personal,East,South,9.1,Errand/Supplies,1,0,1,1,0,1,1,24,9:30 AM,1
11/19/2016,35,1,Personal,South,South,8.1,Between Offices,1,0,0,1,0,1,0,30,6:00 PM,2
10/20/2016,20,0,Personal,East,South,8.4,Meal/Entertain,1,0,0,0,0,0,0,3,6:30 PM,4
9/21/2016,35,1,Business,East,North,4.9,Meal/Entertain,1,0,0,0,0,1,0,9,7:30 PM,3
8/22/2016,35,0,Business,East,South,1,Meal/Entertain,0,0,0,0,0,1,0,6,8:30 PM,5
7/23/2016,35,0,Business,East,East,1,Between Offices,0,0,0,1,1,0,0,15,8:00 PM,1
4/24/2016,60,1,Business,North,South,2,Meal/Entertain,0,0,0,1,1,0,0,12,7:00 PM,2
2/25/2016,35,0,Business,North,South,1.1,Between Offices,0,0,0,1,1,0,0,21,10:00 AM,4
3/26/2016,35,1,Business,North,North,1.5,Between Offices,0,0,0,1,1,0,0,18,10:30 AM,3
5/27/2016,35,0,Personal,North,South,1.3,Errand/Supplies,1,0,0,0,0,1,0,27,             8:00PM,5
6/28/2016,35,1,Personal,North,East,1.8,Meal/Entertain,1,0,0,0,0,1,0,24,8:30 AM,1
7/29/2016,35,0,Personal,North,South,1.5,Errand/Supplies,1,0,1,0,0,1,0,30,8:00 AM,2
8/30/2016,48,0,Personal,North,South,6.6,Meal/Entertain,1,0,1,1,0,0,1,3,              9:00AM,4
9/31/2016,48,0,Personal,North,North,8,Between Offices,1,0,1,1,0,1,0,9,9:30 AM,3
11/1/2016,48,0,Personal,South,South,2.7,Errand/Supplies,0,0,1,0,1,0,0,6,6:00 PM,5
12/2/2016,48,1,Business,North,East,2.7,Meal/Entertain,0,0,1,0,1,0,1,15,6:30 PM,1
10/3/2016,20,0,Business,North,South,2.5,Meal/Entertain,0,0,0,0,1,0,0,12,7:30 PM,2
3/4/2016,48,0,Business,West,South,2.5,Meal/Entertain,0,0,1,1,1,0,0,21,8:30 PM,4
4/5/2016,20,1,Business,East,South,5.2,Between Offices,0,0,0,1,1,0,0,18,8:00 PM,3
2/6/2016,20,0,Business,East,South,4,Errand/Supplies,0,0,0,1,1,0,0,27,7:00 PM,5
3/7/2016,16,1,Business,East,South,2.7,Between Offices,0,0,0,1,1,0,0,24,10:00 AM,1
4/8/2016,16,0,Business,East,South,4.8,Between Offices,0,0,0,0,1,0,0,30,10:30 AM,2
4/9/2016,16,0,Business,South,South,3.2,Between Offices,1,0,1,0,1,1,0,3,             8:00PM,4
5/10/2016,16,1,Business,East,East,6.9,Between Offices,1,0,1,0,1,1,0,9,8:30 AM,3
6/11/2016,16,0,Personal,East,South,14.9,Between Offices,1,0,1,1,1,0,0,6,8:00 AM,5
7/12/2016,16,1,Personal,East,South,17.4,Between Offices,1,0,1,1,1,0,0,15,              9:00AM,1
8/13/2016,16,0,Personal,East,North,12.9,Between Offices,1,0,1,1,1,0,0,12,9:30 AM,2
10/14/2016,30,1,Personal,North,South,15.3,Meal/Entertain,1,0,1,1,1,0,0,21,6:00 PM,4
11/15/2016,30,0,Personal,North,North,1,Meal/Entertain,1,0,1,0,1,0,0,18,6:30 PM,3
12/16/2016,30,0,Personal,North,North,6,Meal/Entertain,1,0,1,0,1,0,0,27,7:30 PM,5
9/17/2016,30,0,Business,North,South,2.2,Meal/Entertain,1,0,0,0,0,1,0,24,8:30 PM,1
8/18/2016,30,0,Business,North,East,4.4,Meal/Entertain,1,0,0,1,0,1,0,30,8:00 PM,2
7/19/2016,18,1,Business,North,South,2.8,Between Offices,0,0,0,1,0,1,0,3,7:00 PM,4
6/20/2016,30,0,Business,North,South,31.7,Errand/Supplies,0,0,1,0,0,1,0,9,10:00 AM,3
5/21/2016,30,0,Business,North,South,31.9,Between Offices,0,0,0,0,0,1,0,6,10:30 AM,5
4/22/2016,30,1,Business,South,North,1.9,Meal/Entertain,0,0,0,0,0,1,0,15,             8:00PM,1
3/23/2016,10,0,Personal,North,South,1.8,Meal/Entertain,0,0,0,1,0,1,1,12,8:30 AM,2
2/24/2016,30,1,Personal,North,East,8.4,Meal/Entertain,0,0,0,1,0,1,0,21,8:00 AM,4
1/25/2016,35,0,Personal,South,South,15.6,Between Offices,0,0,0,1,0,0,0,18,              9:00AM,3
4/26/2016,35,0,Personal,South,South,14.1,Meal/Entertain,0,0,0,1,0,1,0,27,9:30 AM,5
6/27/2016,35,1,Personal,South,North,15.7,Between Offices,0,0,0,0,0,1,0,24,6:00 PM,1
7/28/2016,35,0,Personal,South,South,25.9,Between Offices,0,0,0,0,1,0,0,30,6:30 PM,2
1/29/2016,35,1,Business,North,East,7.9,Errand/Supplies,0,0,0,0,1,0,0,3,7:30 PM,4
2/30/2016,20,0,Business,North,South,2.7,Meal/Entertain,1,0,0,1,1,0,0,9,8:30 PM,3
1/31/2016,35,1,Business,South,South,5.5,Errand/Supplies,1,0,1,1,1,0,0,6,8:00 PM,5
1/1/2016,35,0,Business,South,North,5.7,Meal/Entertain,1,0,1,0,0,1,0,15,7:00 PM,1
9/2/2016,35,0,Business,South,South,1.2,Between Offices,1,0,1,0,0,1,0,12,10:00 AM,2
9/3/2016,60,0,Business,South,East,5.7,Errand/Supplies,1,0,1,0,0,1,0,21,10:30 AM,4
8/4/2016,35,0,Business,South,South,16.2,Meal/Entertain,1,0,1,1,0,0,1,18,             8:00PM,3
7/7/1900,35,1,Business,South,South,2.6,Meal/Entertain,0,0,0,1,0,1,0,27,8:30 AM,5
6/6/2016,35,0,Business,South,South,12.1,Meal/Entertain,0,0,1,1,1,0,0,24,8:00 AM,1
5/7/2016,35,0,Personal,East,South,1.4,Between Offices,0,0,0,1,1,0,1,30,              9:00AM,2
3/8/2016,35,1,Personal,East,South,6.4,Errand/Supplies,0,0,0,0,1,0,0,3,9:30 AM,4
7/9/2016,48,0,Personal,East,South,7.3,Between Offices,0,0,0,0,1,0,0,9,6:00 PM,3
4/10/2016,48,1,Personal,East,South,5.3,Between Offices,0,0,0,0,1,0,0,6,6:30 PM,5
8/11/2016,48,0,Personal,East,East,5.5,Between Offices,0,0,1,1,1,0,0,15,7:30 PM,1
9/12/2016,48,0,Personal,East,South,7.7,Between Offices,0,0,1,1,1,0,0,12,8:30 PM,2
5/13/2016,20,1,Personal,East,South,7.6,Between Offices,0,0,1,1,1,0,0,21,8:00 PM,4
7/14/2016,48,0,Personal,East,North,7.6,Between Offices,1,0,1,1,1,1,0,18,7:00 PM,3
6/15/2016,20,1,Personal,West,North,3.3,Between Offices,1,0,1,0,1,1,0,27,10:00 AM,5
7/16/2016,20,0,Personal,West,North,6.5,Meal/Entertain,1,0,1,0,1,0,0,24,10:30 AM,1
8/17/2016,16,1,Personal,West,South,2,Meal/Entertain,1,0,1,0,1,0,0,30,             8:00PM,2
9/18/2016,16,0,Personal,East,East,5.7,Meal/Entertain,1,0,1,1,1,0,0,3,8:30 AM,4
7/19/2016,16,0,Business,East,South,3.2,Meal/Entertain,1,0,0,1,1,0,0,9,8:00 AM,3
8/20/2016,16,1,Business,West,South,12.5,Meal/Entertain,1,0,0,0,1,0,0,6,              9:00AM,5
5/21/2016,16,0,Business,West,South,7.6,Between Offices,0,0,0,0,1,0,0,15,9:30 AM,1
3/22/2016,16,0,Business,West,North,7.7,Errand/Supplies,0,0,1,0,0,1,0,12,6:00 PM,2
2/23/2016,16,1,Business,West,South,12.2,Between Offices,0,0,0,1,0,1,0,21,6:30 PM,4
1/24/2016,30,0,Business,West,East,1.4,Meal/Entertain,0,0,0,1,0,1,0,18,7:30 PM,3
7/25/2016,30,1,Personal,West,South,20.2,Meal/Entertain,0,0,0,1,0,1,0,27,8:30 PM,5
9/26/2016,30,0,Personal,South,South,9.8,Meal/Entertain,0,0,0,1,0,1,0,24,8:00 PM,1
3/27/2016,30,1,Personal,South,North,6.3,Between Offices,0,0,0,0,0,1,0,30,7:00 PM,2
2/28/2016,30,0,Personal,West,South,4.9,Meal/Entertain,0,0,0,0,0,1,1,3,10:00 AM,4
7/29/2016,18,0,Personal,West,East,1.5,Between Offices,0,0,0,0,0,1,0,9,10:30 AM,3
8/30/2016,30,0,Personal,East,South,10.9,Between Offices,0,0,0,1,0,0,0,6,             8:00PM,5
9/31/2016,30,0,Business,East,South,19,Errand/Supplies,0,0,0,1,0,1,0,15,8:30 AM,1
3/1/2016,30,1,Business,South,North,19,Meal/Entertain,1,0,0,0,0,1,0,12,8:00 AM,2
4/2/2016,10,0,Business,East,South,7.9,Errand/Supplies,1,0,1,0,1,0,0,21,              9:00AM,4
8/3/2016,30,0,Business,East,East,4.1,Meal/Entertain,1,0,1,0,1,0,0,18,9:30 AM,3
4/4/2016,35,1,Business,East,South,18.7,Between Offices,1,0,1,1,1,0,0,27,6:00 PM,5
1/5/2016,35,0,Business,East,South,8.7,Errand/Supplies,0,0,1,1,1,0,0,24,6:30 PM,1
8/6/2016,35,1,Business,North,South,7.5,Meal/Entertain,0,0,1,1,0,1,0,30,7:30 PM,2
3/7/2016,35,0,Business,North,South,7.7,Meal/Entertain,0,0,0,1,0,1,0,3,8:30 PM,4
6/8/2016,35,0,Business,North,South,4.4,Meal/Entertain,0,0,1,0,0,1,0,9,8:00 PM,3
6/9/2016,20,1,Personal,North,South,5,Between Offices,0,0,0,0,0,0,1,6,7:00 PM,5
8/10/2016,35,1,Personal,North,South,1.9,Errand/Supplies,0,0,0,0,0,1,0,15,10:00 AM,1
9/11/2016,35,0,Personal,North,East,7.9,Between Offices,0,0,0,1,1,0,0,12,10:30 AM,2
3/12/2016,35,0,Personal,North,South,17.7,Between Offices,0,0,0,1,1,0,1,21,             8:00PM,4
5/13/2016,60,1,Personal,North,South,25.2,Between Offices,0,0,1,1,1,0,0,18,8:30 AM,3
6/14/2016,35,0,Personal,South,North,96.2,Between Offices,1,0,1,1,1,0,0,27,8:00 AM,5
1/15/2016,35,1,Business,North,North,35,Between Offices,1,0,1,0,1,0,0,24,              9:00AM,1
2/16/2016,35,0,Business,North,North,5.5,Between Offices,1,0,1,0,1,0,0,30,9:30 AM,2
10/17/2016,35,1,Business,South,South,50.4,Between Offices,1,0,1,0,1,0,0,3,6:00 PM,4
12/18/2016,35,0,Business,South,East,9.2,Meal/Entertain,1,0,1,1,1,0,0,9,6:30 PM,3
3/19/2016,48,0,Business,South,South,7.3,Meal/Entertain,1,0,1,1,1,1,0,6,7:30 PM,5
3/20/2016,48,0,Business,South,South,5,Meal/Entertain,1,0,1,0,1,1,0,15,8:30 PM,1
6/21/2016,48,0,Business,North,South,3.8,Meal/Entertain,0,0,0,0,1,0,0,12,8:00 PM,2
9/22/2016,48,1,Business,North,North,3.9,Meal/Entertain,0,0,0,0,1,0,0,21,7:00 PM,4
8/23/2016,20,0,Business,South,South,7.4,Between Offices,0,0,0,1,1,0,0,18,10:00 AM,3
3/24/2016,48,0,Personal,South,East,1.5,Errand/Supplies,1,0,1,1,1,0,0,27,10:30 AM,5
4/25/2016,20,1,Personal,South,South,7.9,Between Offices,1,0,0,1,1,0,0,24,             8:00PM,1
5/26/2016,20,0,Personal,South,South,2.9,Meal/Entertain,1,0,0,1,1,0,0,30,8:30 AM,2
6/27/2016,16,1,Personal,South,North,3.4,Meal/Entertain,1,0,0,0,0,1,0,3,8:00 AM,4
7/28/2016,16,0,Personal,South,South,3.8,Meal/Entertain,0,0,0,0,0,1,0,9,              9:00AM,3
8/29/2016,16,0,Personal,South,East,5.9,Between Offices,0,0,0,0,0,1,0,6,9:30 AM,5
9/30/2016,16,1,Business,East,South,9.6,Meal/Entertain,0,0,0,1,0,1,0,15,6:00 PM,1
4/31/2016,16,1,Business,East,South,7,Between Offices,0,0,0,1,0,1,0,12,6:30 PM,2
2/1/2016,16,0,Business,East,North,0.9,Between Offices,0,0,0,0,0,1,0,21,7:30 PM,4
2/2/2016,16,0,Business,East,South,86.6,Errand/Supplies,0,0,0,0,0,1,1,18,8:30 PM,3
3/3/2016,30,1,Business,East,East,156.9,Meal/Entertain,0,0,0,0,0,1,0,27,8:00 PM,5
3/4/2016,30,0,Business,North,South,10.1,Errand/Supplies,0,0,1,1,0,0,0,24,7:00 PM,1
4/5/2016,30,1,Business,North,South,6.2,Meal/Entertain,0,0,1,1,0,1,0,30,10:00 AM,2
4/6/2016,30,0,Business,North,South,5.3,Between Offices,0,0,1,1,0,1,0,3,10:30 AM,4
5/7/2016,30,1,Business,North,South,12.1,Errand/Supplies,0,0,1,1,1,0,0,9,             8:00PM,3
5/8/2016,18,0,Business,North,South,10.8,Meal/Entertain,1,0,1,0,1,0,0,6,8:30 AM,5
6/9/2016,30,0,Business,North,South,4.3,Meal/Entertain,1,0,0,0,1,0,0,15,8:00 AM,1
6/10/2016,30,0,Business,South,South,2.5,Meal/Entertain,1,0,1,0,1,0,0,12,              9:00AM,2
8/11/2016,30,0,Personal,North,East,5.7,Between Offices,1,0,0,1,0,1,0,21,9:30 AM,4
7/12/2016,10,1,Personal,North,South,2.8,Errand/Supplies,1,0,0,1,0,1,0,18,6:00 PM,3
9/13/2016,30,0,Personal,South,South,4,Between Offices,0,0,0,1,0,1,0,27,6:30 PM,5
6/14/2016,35,0,Personal,South,North,5.5,Between Offices,0,0,0,1,0,0,1,24,7:30 PM,1
6/15/2016,35,1,Personal,South,North,2.6,Between Offices,0,0,1,0,0,1,0,30,8:30 PM,2
5/16/2016,35,0,Personal,South,North,2.1,Between Offices,0,0,1,0,1,0,0,3,8:00 PM,4
5/17/2016,35,1,Business,North,South,8.8,Between Offices,0,0,1,0,1,0,1,9,7:00 PM,3
8/18/2016,35,0,Business,North,East,4.4,Between Offices,1,0,1,1,1,0,0,6,10:00 AM,5
2/19/2016,20,0,Business,South,South,5.3,Between Offices,1,0,1,1,1,0,0,15,10:30 AM,1
6/20/2016,35,1,Business,South,South,13,Meal/Entertain,1,0,1,0,1,0,0,12,             8:00PM,2
4/21/2016,35,1,Business,South,South,13,Meal/Entertain,0,0,1,0,1,0,0,21,8:30 AM,4
3/22/2016,35,0,Business,South,North,10.6,Meal/Entertain,0,0,1,0,1,0,0,18,8:00 AM,3
2/23/2016,60,0,Business,South,South,2.2,Meal/Entertain,0,0,0,1,1,0,0,27,              9:00AM,5
4/24/2016,35,1,Business,South,East,9.2,Meal/Entertain,0,0,0,1,1,1,0,24,9:30 AM,1
6/25/2016,35,0,Business,South,South,12.9,Between Offices,0,0,0,1,1,1,0,30,6:00 PM,2
8/26/2016,35,1,Personal,East,South,17.2,Errand/Supplies,0,0,1,1,1,0,0,3,6:30 PM,4
5/27/2016,35,0,Personal,East,North,69.1,Between Offices,1,0,0,0,1,0,0,9,7:30 PM,3
7/28/2016,35,1,Personal,East,South,2.8,Meal/Entertain,0,0,0,0,1,0,0,6,8:30 PM,5
12/29/2016,48,0,Personal,East,East,8.6,Meal/Entertain,0,0,0,0,1,0,0,15,8:00 PM,1
10/30/2016,48,0,Personal,East,South,9.8,Meal/Entertain,0,0,0,1,1,0,0,12,7:00 PM,2
11/31/2016,48,0,Personal,North,South,3.6,Between Offices,0,0,0,1,1,0,0,21,10:00 AM,4
2/1/2016,48,0,Business,North,North,1.7,Meal/Entertain,1,0,0,0,0,1,0,18,10:30 AM,3
2/2/2016,20,1,Business,North,South,11.5,Between Offices,1,0,0,0,0,1,0,27,             8:00PM,5
4/3/2016,48,0,Business,North,East,0.7,Between Offices,1,0,0,0,0,1,0,24,8:30 AM,1
4/4/2016,20,0,Business,North,South,0.7,Errand/Supplies,0,0,0,1,0,1,0,30,8:00 AM,2
6/5/2016,20,1,Business,North,South,0.9,Meal/Entertain,0,0,0,1,0,1,0,3,              9:00AM,4
7/6/2016,16,0,Business,South,South,1.6,Errand/Supplies,0,0,1,1,0,1,0,9,9:30 AM,3
8/7/2016,16,1,Business,North,South,9.4,Meal/Entertain,0,0,1,1,0,1,1,6,6:00 PM,5
9/8/2016,16,0,Business,North,South,18.2,Between Offices,0,0,1,0,0,1,0,15,6:30 PM,1
3/9/2016,16,0,Business,South,South,10.5,Errand/Supplies,0,0,1,0,0,0,0,12,7:30 PM,2
5/10/2016,16,1,Business,South,South,5.7,Meal/Entertain,0,0,1,0,0,1,0,21,8:30 PM,4
6/11/2016,16,0,Business,South,East,18,Meal/Entertain,0,0,0,1,0,1,0,18,8:00 PM,3
7/12/2016,16,0,Business,South,South,18.3,Meal/Entertain,0,0,1,1,1,0,0,27,7:00 PM,5
3/13/2016,30,1,Business,North,South,16.5,Between Offices,0,0,0,1,1,0,0,24,10:00 AM,1
4/14/2016,30,0,Business,North,North,9.6,Errand/Supplies,0,0,0,1,1,0,0,30,10:30 AM,2
6/15/2016,30,0,Business,South,North,2.9,Between Offices,1,0,0,0,1,0,0,3,             8:00PM,4
10/16/2016,30,1,Personal,South,North,8.2,Between Offices,1,0,0,0,0,1,0,9,8:30 AM,3
10/17/2016,30,0,Personal,South,South,2.4,Between Offices,0,0,1,0,0,1,0,6,8:00 AM,5
11/18/2016,18,1,Personal,South,East,5.8,Between Offices,0,0,1,1,0,1,0,15,              9:00AM,1
12/19/2016,30,0,Personal,South,South,9.8,Between Offices,0,0,1,1,0,0,1,12,9:30 AM,2
11/20/2016,30,0,Personal,South,South,7.3,Between Offices,0,0,1,0,0,1,0,21,6:00 PM,4
12/21/2016,30,1,Personal,South,South,195.6,Between Offices,0,0,1,0,1,0,0,18,6:30 PM,3
6/22/2016,10,1,Business,East,North,20.5,Between Offices,0,0,1,0,1,0,1,27,7:30 PM,5
3/23/2016,30,0,Business,East,South,12.6,Meal/Entertain,0,0,1,1,1,0,0,24,8:30 PM,1
5/24/2016,35,0,Business,East,East,37.7,Meal/Entertain,1,0,1,1,1,0,0,30,8:00 PM,2
3/25/2016,35,1,Business,East,South,16.7,Meal/Entertain,1,0,0,1,1,0,0,3,7:00 PM,4
4/26/2016,35,0,Business,East,South,10.5,Meal/Entertain,1,0,0,1,1,0,0,9,10:00 AM,3
2/27/2016,35,1,Business,North,North,2.8,Meal/Entertain,1,0,0,0,1,0,0,6,10:30 AM,5
6/28/2016,35,0,Business,North,South,1.6,Between Offices,1,0,1,0,1,0,0,15,             8:00PM,1
9/29/2016,20,1,Business,North,East,12.7,Errand/Supplies,1,0,0,0,1,1,0,12,8:30 AM,2
8/30/2016,35,0,Business,North,South,28.6,Between Offices,1,0,0,1,1,1,0,21,8:00 AM,4
5/31/2016,35,0,Business,North,South,15.1,Meal/Entertain,0,0,0,1,1,0,0,18,              9:00AM,3
3/1/2016,35,0,Business,North,North,17.9,Meal/Entertain,0,0,0,0,1,0,0,27,9:30 AM,5
5/2/2016,60,0,Business,South,South,112.6,Meal/Entertain,0,0,0,0,1,0,0,24,6:00 PM,1
4/3/2016,35,1,Personal,North,East,18.4,Between Offices,0,0,0,0,1,0,0,30,6:30 PM,2
3/4/2016,35,0,Personal,North,South,13.8,Meal/Entertain,1,0,0,1,1,0,0,3,7:30 PM,4
1/5/2016,35,0,Personal,South,South,33.2,Between Offices,1,0,0,1,1,0,0,9,8:30 PM,3
8/6/2016,35,1,Personal,South,South,2.6,Between Offices,1,0,0,1,0,1,0,6,8:00 PM,5
11/7/2016,35,0,Personal,South,South,5.8,Errand/Supplies,1,0,0,1,0,1,0,15,7:00 PM,1
1/8/2016,48,1,Personal,South,South,8.3,Meal/Entertain,0,0,1,0,0,1,0,12,10:00 AM,2
2/9/2016,48,0,Business,North,South,2.4,Errand/Supplies,0,0,1,0,0,1,0,21,10:30 AM,4
7/10/2016,48,0,Business,North,South,3.1,Meal/Entertain,0,0,1,0,0,1,0,18,             8:00PM,3
9/11/2016,48,0,Business,South,East,6.1,Between Offices,0,0,1,1,0,1,0,27,8:30 AM,5
3/12/2016,20,0,Business,South,South,3.6,Errand/Supplies,0,0,1,1,0,1,1,24,8:00 AM,1
5/13/2016,48,1,Business,South,South,8,Meal/Entertain,0,0,0,1,0,1,0,30,              9:00AM,2
10/14/2016,20,0,Business,South,North,7.7,Meal/Entertain,0,0,1,1,0,0,0,3,9:30 AM,4
11/15/2016,20,0,Business,South,North,1.7,Meal/Entertain,0,0,0,0,0,1,0,9,6:00 PM,3
2/16/2016,16,1,Business,South,North,9.5,Between Offices,0,0,0,0,0,1,0,6,6:30 PM,5
12/17/2016,16,0,Business,South,South,17.1,Errand/Supplies,0,0,0,0,1,0,0,15,7:30 PM,1
3/18/2016,16,1,Business,East,East,18.4,Between Offices,0,0,0,1,1,0,0,12,8:30 PM,2
4/19/2016,16,0,Business,East,South,9.8,Between Offices,1,0,1,1,1,0,0,21,8:00 PM,4
5/20/2016,16,0,Business,East,South,1,Between Offices,1,0,1,0,1,0,0,18,7:00 PM,3
6/21/2016,16,1,Business,East,South,0.7,Between Offices,1,0,1,0,0,1,0,27,10:00 AM,5
7/22/2016,16,1,Business,East,North,2.3,Between Offices,1,0,1,0,0,1,0,24,10:30 AM,1
8/23/2016,30,0,Business,North,South,10.9,Between Offices,1,0,1,1,0,1,0,30,             8:00PM,2
9/24/2016,30,0,Business,North,East,12.7,Between Offices,1,0,1,1,0,0,1,3,8:30 AM,4
1/25/2016,30,1,Business,North,South,12.4,Meal/Entertain,1,0,1,1,0,1,0,9,8:00 AM,3
2/26/2016,30,0,Business,North,South,3.8,Meal/Entertain,0,0,1,1,1,0,0,6,              9:00AM,5
5/27/2016,30,1,Personal,North,North,17,Meal/Entertain,0,0,0,0,1,0,1,15,9:30 AM,1
7/28/2016,18,0,Personal,North,South,6.2,Meal/Entertain,0,0,0,0,1,0,0,12,6:00 PM,2
6/29/2016,30,1,Personal,South,East,3.1,Meal/Entertain,0,0,0,0,1,0,0,21,6:30 PM,4
12/30/2016,30,0,Personal,North,South,10.5,Between Offices,0,0,1,1,1,0,0,18,7:30 PM,3
10/31/2016,30,0,Personal,North,South,8.1,Errand/Supplies,0,0,0,1,1,0,0,27,8:30 PM,5
341/2016,10,0,Personal,South,North,3.1,Between Offices,0,0,0,0,1,0,0,24,8:00 PM,1
5/2/2016,30,0,Business,South,South,2.1,Meal/Entertain,0,0,0,0,1,0,0,30,7:00 PM,2
2/3/2016,35,1,Business,South,East,4.3,Meal/Entertain,0,0,0,0,1,1,0,3,10:00 AM,4
8/4/2016,35,0,Business,South,South,2.5,Meal/Entertain,0,0,0,1,1,1,0,9,10:30 AM,3
7/5/2016,35,0,Business,North,South,20.6,Between Offices,1,0,0,1,1,0,0,6,             8:00PM,5
3/6/2016,35,1,Business,North,South,17.6,Meal/Entertain,1,0,0,1,1,0,0,15,8:30 AM,1
1/7/2016,35,0,Business,South,South,5.6,Between Offices,1,0,0,1,1,0,0,12,8:00 AM,2
2/8/2016,20,1,Business,South,South,3.3,Between Offices,1,0,0,0,1,0,0,21,              9:00AM,4
1/9/2016,35,0,Business,South,South,5.3,Errand/Supplies,1,0,0,0,1,0,0,18,9:30 AM,3
2/10/2016,35,0,Personal,South,South,3.3,Meal/Entertain,1,0,1,0,1,0,0,27,6:00 PM,5
6/11/2016,35,0,Personal,South,East,3.3,Errand/Supplies,1,0,1,1,0,1,0,24,6:30 PM,1
6/12/2016,60,0,Business,South,South,7.9,Meal/Entertain,1,0,1,1,0,1,0,30,7:30 PM,2
5/13/2016,35,1,Personal,South,South,13,Between Offices,1,0,1,1,0,1,0,3,8:30 PM,4
4/14/2016,35,0,Business,East,North,3,Errand/Supplies,0,0,1,1,0,1,0,9,8:00 PM,3
3/15/2016,35,0,Business,East,North,3,Meal/Entertain,0,0,0,0,0,1,0,6,7:00 PM,5
2/16/2016,35,1,Personal,East,North,3.8,Meal/Entertain,0,0,1,0,0,1,0,15,10:00 AM,1
9/17/2016,35,0,Business,East,South,9.5,Meal/Entertain,0,0,0,0,0,1,1,12,10:30 AM,2
5/18/2016,48,1,Personal,East,East,1.7,Between Offices,0,0,0,1,0,1,0,21,             8:00PM,4
7/19/2016,48,0,Personal,North,South,10.8,Errand/Supplies,0,0,0,1,0,0,0,18,8:30 AM,3
9/20/2016,48,0,Personal,North,South,4.1,Between Offices,0,0,0,0,0,1,0,27,8:00 AM,5
4/21/2016,48,1,Business,North,South,2.2,Between Offices,1,0,1,0,0,1,0,24,              9:00AM,1
4/22/2016,20,1,Business,North,North,4.6,Between Offices,1,0,1,0,0,0,1,30,9:30 AM,2
3/23/2016,48,0,Personal,North,South,3.1,Between Offices,1,0,1,1,0,1,0,3,6:00 PM,4
7/24/2016,20,0,Business,North,East,47.7,Meal/Entertain,1,0,1,1,0,1,0,9,6:30 PM,3
9/25/2016,20,1,Business,South,South,44.6,Between Offices,1,0,1,1,0,1,0,6,7:30 PM,5
10/26/2016,16,0,Personal,North,South,13.2,Between Offices,0,0,1,1,0,1,0,15,8:30 PM,1
11/27/2016,16,1,Business,North,North,8.7,Between Offices,0,0,1,0,0,1,0,12,8:00 PM,2
12/28/2016,16,0,Business,South,South,17.2,Meal/Entertain,0,0,1,0,0,0,1,21,7:00 PM,4
12/29/2016,16,1,Personal,South,East,14,Meal/Entertain,0,0,0,0,0,1,0,18,10:00 AM,3
5/30/2016,16,0,Business,South,South,28.1,Meal/Entertain,0,0,0,1,0,1,0,27,10:30 AM,5
7/31/2016,16,0,Business,South,South,28.2,Meal/Entertain,0,0,0,1,0,0,1,24,             8:00PM,1
2/1/2016,16,0,Business,North,North,3.1,Meal/Entertain,0,0,1,0,0,0,1,30,8:30 AM,2
2/2/2016,30,0,Business,North,South,3.1,Between Offices,0,0,0,0,0,0,1,3,8:00 AM,4
1/3/2016,30,1,Personal,South,East,16.4,Errand/Supplies,0,0,0,0,0,0,1,9,              9:00AM,3
9/4/2016,30,0,Personal,South,South,15.4,Between Offices,0,0,0,1,0,0,1,6,9:30 AM,5
2/5/2016,30,0,Business,South,South,2.2,Meal/Entertain,0,0,0,1,0,0,1,15,6:00 PM,1
8/6/2016,30,1,Personal,South,South,11.2,Meal/Entertain,1,0,0,1,0,0,1,12,6:30 PM,2
3/7/2016,18,0,Business,South,South,2.2,Meal/Entertain,1,0,0,1,0,0,1,21,7:30 PM,4
7/8/2016,30,1,Business,South,South,3.6,Between Offices,0,0,0,0,0,0,1,18,8:30 PM,3
4/9/2016,30,0,Personal,South,South,3.6,Meal/Entertain,0,0,0,0,0,0,1,27,8:00 PM,5
6/10/2016,30,0,Business,East,South,4.9,Between Offices,0,0,0,0,0,0,1,24,7:00 PM,1
7511/2016,10,0,Personal,East,East,8.7,Between Offices,0,0,0,1,0,0,1,30,10:00 AM,2
10/12/2016,30,0,Personal,East,South,2.1,Errand/Supplies,0,0,1,1,0,1,0,3,10:30 AM,4
11/13/2016,35,1,Personal,East,South,2.1,Meal/Entertain,0,0,1,1,0,1,0,9,             8:00PM,3
12/14/2016,35,0,Business,East,North,8.4,Errand/Supplies,0,0,1,1,0,1,0,6,8:30 AM,5
11/15/2016,35,0,Business,North,North,5.9,Errand/Supplies,0,0,1,0,0,1,1,15,8:00 AM,1
10/16/2016,35,1,Personal,North,North,12.1,Between Offices,0,0,1,0,0,1,0,12,              9:00AM,2
8/17/2016,35,0,Business,North,South,3.9,Errand/Supplies,0,0,0,0,0,0,0,21,9:30 AM,4
2/18/2016,20,1,Business,North,East,6.2,Meal/Entertain,0,0,1,1,0,1,0,18,6:00 PM,3
3/19/2016,35,0,Personal,North,South,10.4,Meal/Entertain,1,0,0,1,0,1,0,27,6:30 PM,5
2/20/2016,35,0,Business,North,South,9.9,Meal/Entertain,1,0,0,0,0,0,1,24,7:30 PM,1
3/21/2016,35,1,Business,South,South,107,Errand/Supplies,1,0,0,0,0,1,0,30,8:30 PM,2
5/22/2016,60,1,Personal,North,North,133.6,Errand/Supplies,1,0,0,0,0,1,0,3,8:00 PM,4
4/23/2016,35,0,Business,North,South,91.8,Between Offices,1,0,1,1,0,1,0,9,7:00 PM,3
1/24/2016,35,0,Business,South,East,40.7,Between Offices,1,0,1,1,0,1,0,6,10:00 AM,5
8/25/2016,35,1,Business,South,South,75.7,Between Offices,1,0,1,1,0,1,0,15,10:30 AM,1
9/26/2016,35,0,Business,South,South,29.8,Between Offices,1,0,1,1,0,0,1,12,             8:00PM,2
10/27/2016,35,1,Business,South,North,16.3,Between Offices,0,0,1,0,0,1,0,21,8:30 AM,4
11/28/2016,48,0,Business,North,South,6.5,Errand/Supplies,0,0,1,0,0,1,0,18,8:00 AM,3
11/29/2016,48,1,Business,North,East,6.3,Errand/Supplies,0,0,1,0,0,0,1,27,              9:00AM,5
10/30/2016,48,0,Personal,South,South,6.6,Between Offices,0,0,1,1,0,0,1,24,9:30 AM,1
11/31/2016,48,0,Personal,South,South,15.2,Errand/Supplies,0,0,0,1,0,0,1,30,6:00 PM,2
12/1/2016,20,0,Business,South,North,68.4,Between Offices,0,0,0,0,0,0,1,3,6:30 PM,4
10/2/2016,48,0,Personal,South,South,195.9,Between Offices,0,0,0,0,0,0,1,9,7:30 PM,3
1/3/2016,20,1,Business,South,East,45.2,Between Offices,0,0,1,0,0,0,1,6,8:30 PM,5
2/4/2016,20,0,Business,South,South,3.2,Errand/Supplies,0,0,0,1,0,0,1,15,8:00 PM,1
3/5/2016,16,0,Personal,South,South,10.3,Errand/Supplies,0,0,0,1,0,0,1,12,7:00 PM,2
4/6/2016,16,1,Business,East,South,13.1,Errand/Supplies,1,0,0,1,0,0,1,21,10:00 AM,4
6/7/2016,16,0,Personal,East,South,9.6,Errand/Supplies,1,0,0,1,0,0,1,18,10:30 AM,3
5/8/2016,16,1,Personal,East,South,16.5,Errand/Supplies,1,0,0,0,0,0,1,27,             8:00PM,5
2/9/2016,16,0,Personal,East,South,12.8,Errand/Supplies,1,0,0,0,0,0,1,24,8:30 AM,1
1/10/2016,16,0,Business,East,South,1.2,Errand/Supplies,1,0,0,0,0,1,0,30,8:00 AM,2
3/11/2016,16,1,Business,North,East,1,Between Offices,0,0,0,1,0,1,0,3,              9:00AM,4
3/12/2016,30,0,Personal,North,South,4.1,Between Offices,0,0,0,1,0,1,0,9,9:30 AM,3
4/13/2016,30,1,Business,North,South,4.2,Errand/Supplies,0,0,0,1,0,1,1,6,6:00 PM,5
6/14/2016,30,0,Business,North,North,1.4,Meal/Entertain,0,0,1,1,0,1,0,15,6:30 PM,1
5/15/2016,30,0,Personal,North,North,1.8,Errand/Supplies,0,0,1,0,0,0,0,12,7:30 PM,2
1/16/2016,30,0,Business,North,North,8.5,Errand/Supplies,1,0,1,0,0,1,0,21,8:30 PM,4
10/17/2016,18,0,Business,South,South,5,Between Offices,1,0,1,0,0,1,0,18,8:00 PM,3
3/18/2016,30,1,Personal,North,East,3.8,Errand/Supplies,1,0,1,1,0,0,1,27,7:00 PM,5
1/19/2016,30,0,Business,North,South,2.5,Meal/Entertain,0,0,0,1,0,1,0,24,10:00 AM,1
2/20/2016,30,0,Business,South,South,2.4,Meal/Entertain,0,0,1,0,0,1,0,30,10:30 AM,2
4/21/2016,10,1,Business,South,South,1.4,Meal/Entertain,0,0,0,0,0,1,0,3,             8:00PM,4
6/22/2016,30,0,Business,South,North,1.8,Errand/Supplies,0,0,0,0,0,1,0,9,8:30 AM,3
6/23/2016,35,1,Business,South,South,3.1,Errand/Supplies,0,0,0,1,0,1,0,6,8:00 AM,5
7/24/2016,35,0,Business,North,East,3.1,Between Offices,0,0,0,1,0,0,1,15,              9:00AM,1
8/25/2016,35,0,Business,North,South,7.9,Between Offices,0,0,1,1,0,1,0,12,9:30 AM,2
9/26/2016,35,0,Business,South,South,3.8,Between Offices,0,0,1,1,0,1,0,21,6:00 PM,4
6/27/2016,35,0,Business,South,North,4.3,Between Offices,0,0,1,0,0,0,1,18,6:30 PM,3
5/28/2016,20,1,Business,South,South,3.9,Between Offices,0,0,1,0,0,0,1,27,7:30 PM,5
4/29/2016,35,0,Personal,South,East,2.2,Errand/Supplies,0,0,1,0,0,0,1,24,8:30 PM,1
8/30/2016,35,0,Personal,South,South,2.8,Errand/Supplies,1,0,1,1,0,0,1,30,8:00 PM,2
9/31/2016,35,1,Business,South,South,2.2,Between Offices,1,0,1,1,0,0,1,3,7:00 PM,4
1/1/2016,60,0,Personal,South,North,2.4,Errand/Supplies,1,0,1,0,0,0,1,9,10:00 AM,3
10/2/2016,35,1,Business,East,South,2.8,Between Offices,1,0,0,0,0,0,1,6,10:30 AM,5
11/3/2016,35,0,Business,East,East,43.9,Between Offices,1,0,0,0,0,0,1,15,             8:00PM,1
2/4/2016,35,0,Personal,East,South,1.8,Between Offices,0,0,0,1,0,0,1,12,8:30 AM,2
12/5/2016,35,1,Business,East,South,3.3,Errand/Supplies,0,0,1,1,0,0,1,21,8:00 AM,4
10/6/2016,35,1,Personal,East,South,11.8,Errand/Supplies,0,0,0,1,0,0,1,18,              9:00AM,3
10/7/2016,48,1,Personal,North,South,13.2,Errand/Supplies,0,0,0,1,0,0,1,27,9:30 AM,5
11/8/2016,48,0,Personal,North,South,12.2,Errand/Supplies,0,0,0,0,0,1,0,24,6:00 PM,1
2/9/2016,48,1,Business,North,South,11.3,Errand/Supplies,0,0,0,0,0,1,0,30,6:30 PM,2
1/10/2016,48,0,Business,North,South,3.6,Errand/Supplies,0,0,0,0,0,1,0,3,7:30 PM,4
6/11/2016,20,0,Personal,North,East,3,Errand/Supplies,0,0,0,1,0,1,1,9,8:30 PM,3
3/12/2016,48,0,Business,North,South,11.4,Between Offices,1,0,0,1,0,1,0,6,8:00 PM,5
5/13/2016,20,0,Business,South,South,0.9,Between Offices,1,0,0,1,0,0,0,15,7:00 PM,1
4/14/2016,20,1,Personal,North,North,6.2,Errand/Supplies,1,0,0,1,0,1,0,12,10:00 AM,2
3/15/2016,16,0,Business,North,North,0.7,Meal/Entertain,1,0,0,0,0,1,0,21,10:30 AM,4
4/16/2016,16,0,Business,South,North,5.5,Errand/Supplies,1,0,1,0,0,0,1,18,             8:00PM,3
617/2016,16,1,Personal,South,South,12.7,Errand/Supplies,1,0,1,0,0,1,0,27,8:30 AM,5
5/18/2016,16,0,Business,South,East,2.6,Between Offices,1,0,1,1,0,1,0,24,8:00 AM,1
8/19/2016,16,1,Business,South,South,1.1,Errand/Supplies,1,0,1,1,0,1,0,30,              9:00AM,2
12/20/2016,16,0,Personal,North,South,12.6,Meal/Entertain,1,0,1,0,0,1,0,3,9:30 AM,4
4/21/2016,16,0,Personal,North,South,1.2,Meal/Entertain,0,0,0,0,0,1,0,9,6:00 PM,3
5/22/2016,30,0,Business,South,North,1.1,Meal/Entertain,0,0,1,0,0,0,1,6,6:30 PM,5
6/23/2016,30,0,Personal,South,South,9.9,Errand/Supplies,0,0,0,1,0,1,0,15,7:30 PM,1
7/24/2016,30,1,Business,South,East,6,Errand/Supplies,1,0,0,1,0,1,0,12,8:30 PM,2
8/25/2016,30,0,Business,South,South,0.8,Between Offices,1,0,0,1,0,0,1,21,8:00 PM,4
9/26/2016,30,0,Personal,South,South,45.9,Between Offices,1,0,0,1,0,0,1,18,7:00 PM,3
10/27/2016,18,1,Business,South,North,4,Between Offices,0,0,1,0,0,0,1,27,10:00 AM,5
12/28/2016,30,0,Personal,South,South,2.5,Between Offices,0,0,1,0,0,0,1,24,10:30 AM,1
11/29/2016,30,1,Personal,East,East,36.6,Between Offices,0,0,1,0,0,0,1,30,             8:00PM,2
3/30/2016,30,0,Personal,East,South,2.9,Errand/Supplies,0,0,1,1,0,0,1,3,8:30 AM,4
2/31/2016,10,0,Business,East,South,2.6,Errand/Supplies,0,0,1,1,0,0,1,9,8:00 AM,3
4/1/2016,30,1,Business,East,North,2.3,Between Offices,0,0,1,0,0,0,1,6,              9:00AM,5
5/2/2016,35,1,Personal,East,South,6.4,Errand/Supplies,0,0,1,0,0,0,1,15,9:30 AM,1
8/3/2016,35,1,Business,North,East,1.4,Between Offices,0,0,1,0,0,0,1,12,6:00 PM,2
2/4/2016,35,0,Business,North,South,0.6,Between Offices,0,0,0,1,0,0,1,21,6:30 PM,4
3/5/2016,35,1,Personal,North,South,5.9,Between Offices,0,0,0,1,0,0,1,18,7:30 PM,3
5/6/2016,35,0,Business,North,South,0.8,Errand/Supplies,0,0,0,1,0,1,0,27,8:30 PM,5
7/7/2016,20,0,Business,North,South,1.3,Errand/Supplies,1,0,1,1,0,1,0,24,8:00 PM,1
8/8/2016,35,0,Personal,North,South,3.7,Errand/Supplies,1,0,0,0,0,1,0,30,7:00 PM,2
9/9/2016,35,0,Business,South,South,2.3,Errand/Supplies,1,0,0,0,0,1,1,3,10:00 AM,4
2/10/2016,35,1,Business,North,South,2.6,Errand/Supplies,1,0,0,0,0,1,0,9,10:30 AM,3
3/11/2016,60,0,Business,North,East,1.9,Errand/Supplies,1,0,0,1,0,0,0,6,             8:00PM,5
4/12/2016,35,0,Business,South,South,2.1,Errand/Supplies,1,0,0,1,0,1,0,15,8:30 AM,1
5/13/2016,35,1,Business,South,South,4,Between Offices,1,0,0,1,0,1,0,12,8:00 AM,2
6/14/2016,35,0,Personal,South,North,0.9,Between Offices,0,0,0,1,0,0,1,21,              9:00AM,4
7/15/2016,35,1,Personal,South,North,0.9,Errand/Supplies,0,0,0,0,0,1,0,18,9:30 AM,3
10/16/2016,35,0,Personal,North,North,2.4,Meal/Entertain,0,0,0,0,0,1,0,27,6:00 PM,5
2/17/2016,48,0,Personal,North,South,1.9,Errand/Supplies,0,0,0,0,0,1,0,24,6:30 PM,1
3/18/2016,48,0,Personal,South,East,1.9,Errand/Supplies,0,0,1,1,0,1,0,30,7:30 PM,2
7/19/2016,48,0,Personal,South,South,44.6,Between Offices,0,0,1,1,0,1,0,3,8:30 PM,4
8/20/2016,48,1,Personal,South,South,43.6,Errand/Supplies,0,0,1,0,0,0,1,9,8:00 PM,3
9/21/2016,20,0,Personal,South,South,2.5,Meal/Entertain,1,0,1,0,0,1,0,6,7:00 PM,5
3/22/2016,48,0,Personal,South,North,3.7,Meal/Entertain,1,0,1,0,0,1,0,15,10:00 AM,1
2/23/2016,20,1,Personal,South,South,5.1,Meal/Entertain,1,0,0,1,0,0,1,12,10:30 AM,2
4/24/2016,20,0,Personal,South,East,9.7,Errand/Supplies,1,0,1,1,0,0,1,21,             8:00PM,4
5/25/2016,16,1,Personal,East,South,11.8,Errand/Supplies,0,0,0,1,0,0,1,18,8:30 AM,3
9/26/2016,16,0,Personal,East,South,2.3,Between Offices,0,0,0,1,0,0,1,27,8:00 AM,5
3/27/2016,16,0,Personal,East,North,3.1,Between Offices,0,0,0,0,0,0,1,24,              9:00AM,1
7/28/2016,16,1,Business,East,South,16.3,Between Offices,0,0,0,0,0,0,1,30,9:30 AM,2
2/29/2016,16,1,Business,East,East,3.1,Between Offices,0,0,1,0,0,0,1,3,6:00 PM,4
3/30/2016,16,1,Business,North,South,5.2,Between Offices,0,0,1,1,0,0,1,9,6:30 PM,3
4/31/2016,16,0,Business,North,South,6.1,Errand/Supplies,0,0,1,1,0,0,1,6,7:30 PM,5
5/1/2016,30,1,Business,North,North,10.3,Errand/Supplies,1,0,1,0,0,0,1,15,8:30 PM,1
6/2/2016,30,0,Business,North,South,10.5,Between Offices,0,0,1,0,0,0,1,12,8:00 PM,2
8/3/2016,30,0,Business,North,East,1.5,Errand/Supplies,0,0,1,0,0,0,1,21,7:00 PM,4
10/4/2016,30,0,Personal,North,South,1.8,Between Offices,0,0,1,1,0,1,0,18,10:00 AM,3
9/5/2016,30,0,Personal,South,South,5.4,Between Offices,0,0,1,1,0,1,0,27,10:30 AM,5
10/6/2016,18,1,Personal,North,South,5.4,Between Offices,0,0,0,1,0,1,0,24,             8:00PM,1
3/7/2016,30,0,Personal,North,South,39.2,Errand/Supplies,0,0,0,1,0,1,1,30,8:30 AM,2
5/8/2016,30,0,Personal,South,South,6.4,Errand/Supplies,0,0,0,0,0,1,0,3,8:00 AM,4
7/9/2016,30,1,Personal,South,South,2.7,Errand/Supplies,0,0,1,0,0,0,0,9,              9:00AM,3
9/10/2016,10,0,Personal,South,South,18.5,Errand/Supplies,0,0,0,0,0,1,0,6,9:30 AM,5
1/11/2016,30,1,Personal,South,East,2.5,Errand/Supplies,0,0,0,1,0,1,0,15,6:00 PM,1
2/12/2016,35,0,Personal,North,South,2.1,Errand/Supplies,0,0,0,1,0,0,1,12,6:30 PM,2
4/13/2016,35,0,Personal,North,South,6.7,Errand/Supplies,1,0,0,1,0,1,0,21,7:30 PM,4
6/14/2016,35,0,Personal,South,North,3.5,Meal/Entertain,1,0,0,1,0,1,0,18,8:30 PM,3
8/15/2016,35,0,Personal,South,North,3.4,Errand/Supplies,1,0,0,0,0,1,0,27,8:00 PM,5
10/16/2016,35,1,Personal,South,North,5.5,Between Offices,1,0,0,0,0,1,0,24,7:00 PM,1
12/17/2016,20,0,Personal,South,South,4.1,Between Offices,1,0,0,0,0,1,0,30,10:00 AM,2
11/18/2016,35,0,Business,South,East,12.7,Errand/Supplies,1,0,0,1,0,0,1,3,10:30 AM,4
10/19/2016,35,1,Business,South,South,3,Meal/Entertain,0,0,0,1,0,1,0,9,             8:00PM,3
11/20/2016,35,0,Business,South,South,3.5,Errand/Supplies,0,0,1,0,0,1,0,6,8:30 AM,5
12/21/2016,60,1,Business,East,South,5.9,Errand/Supplies,0,0,1,0,0,0,1,15,8:00 AM,1
1/22/2016,35,0,Business,East,North,1.9,Between Offices,0,0,1,0,0,0,1,12,              9:00AM,2
3/23/2016,35,0,Business,East,South,3.3,Errand/Supplies,0,0,1,1,0,0,1,21,9:30 AM,4
5/24/2016,35,1,Business,East,East,1.3,Meal/Entertain,0,0,1,1,0,0,1,18,6:00 PM,3
7/25/2016,35,1,Business,East,South,10.3,Meal/Entertain,0,0,0,1,0,0,1,27,6:30 PM,5
9/26/2016,35,1,Business,North,South,11.1,Meal/Entertain,1,0,0,1,0,0,1,24,7:30 PM,1
1/27/2016,48,0,Business,North,North,1.4,Errand/Supplies,1,0,0,0,0,0,1,30,8:30 PM,2
2/28/2016,48,1,Business,North,South,5.1,Errand/Supplies,1,0,0,0,0,0,1,3,8:00 PM,4
3/29/2016,48,0,Business,North,East,9,Between Offices,1,0,0,0,0,0,1,9,7:00 PM,3
4/30/2016,48,0,Business,North,South,13.3,Between Offices,1,0,1,1,0,0,1,6,10:00 AM,5
5/31/2016,20,0,Business,North,South,2.5,Between Offices,1,0,1,1,0,0,1,15,10:30 AM,1
6/1/2016,48,0,Business,South,North,3.3,Between Offices,0,0,1,0,0,0,1,12,             8:00PM,2
7/2/2016,20,1,Business,North,South,2.9,Between Offices,0,0,1,0,0,1,0,21,8:30 AM,4
8/3/2016,20,0,Business,North,East,8.5,Errand/Supplies,0,0,1,0,0,1,0,18,8:00 AM,3
9/4/2016,16,0,Business,South,South,6.7,Errand/Supplies,0,0,0,1,0,1,0,27,              9:00AM,5
10/5/2016,16,1,Business,South,South,3.1,Between Offices,0,0,1,1,0,1,1,24,9:30 AM,1
11/6/2016,16,0,Business,South,South,5.5,Errand/Supplies,1,0,0,1,0,1,0,30,6:00 PM,2
12/7/2016,16,1,Business,South,South,5.5,Between Offices,1,0,0,1,0,0,0,3,6:30 PM,4
9/8/2016,16,0,Business,North,South,2.9,Between Offices,1,0,0,0,0,1,0,9,7:30 PM,3
8/9/2016,16,0,Business,North,South,2.9,Between Offices,1,0,0,0,0,1,0,6,8:30 PM,5
7/10/2016,16,0,Business,South,South,5.1,Errand/Supplies,1,0,1,0,0,0,1,15,8:00 PM,1
6/11/2016,30,0,Business,South,East,5.3,Errand/Supplies,1,0,1,1,0,1,0,12,7:00 PM,2
5/12/2016,30,1,Personal,South,South,3.3,Errand/Supplies,1,0,1,1,0,1,0,21,10:00 AM,4
3/13/2016,30,0,Personal,South,South,3,Errand/Supplies,1,0,1,1,0,1,0,18,10:30 AM,3
2/14/2016,30,0,Personal,South,North,6.6,Errand/Supplies,1,0,1,1,0,1,0,27,             8:00PM,5
1/15/2016,30,1,Personal,South,North,1.8,Errand/Supplies,1,0,1,0,0,1,0,24,8:30 AM,1
2/16/2016,18,0,Personal,South,North,3,Errand/Supplies,1,0,1,0,0,0,1,30,8:00 AM,2
2/17/2016,30,1,Personal,East,South,2.9,Meal/Entertain,1,0,1,0,0,1,0,3,              9:00AM,4
3/18/2016,30,0,Personal,East,East,3.4,Between Offices,0,0,0,1,0,1,0,9,9:30 AM,3
4/19/2016,30,0,Personal,East,South,4.1,Between Offices,0,0,0,1,0,0,1,6,6:00 PM,5
5/20/2016,10,1,Personal,East,South,3.8,Errand/Supplies,0,0,0,0,0,0,1,15,6:30 PM,1
6/21/2016,30,1,Personal,East,South,6.6,Meal/Entertain,0,0,1,0,0,0,1,12,7:30 PM,2
7/22/2016,35,1,Personal,North,North,4,Errand/Supplies,0,0,0,0,0,0,1,21,8:30 PM,4
8/23/2016,35,0,Personal,North,South,7,Errand/Supplies,0,0,0,1,0,0,1,18,8:00 PM,3
9/24/2016,35,1,Personal,North,East,6.9,Between Offices,0,0,0,1,0,0,1,27,7:00 PM,5
10/25/2016,35,0,Personal,North,South,3.4,Errand/Supplies,0,0,0,1,0,0,1,24,10:00 AM,1
12/26/2016,35,0,Business,North,South,3.4,Meal/Entertain,0,0,0,1,0,0,1,30,10:30 AM,2
11/27/2016,20,0,Business,North,North,2,Meal/Entertain,0,0,0,0,0,0,1,3,             8:00PM,4
11/28/2016,35,0,Business,South,South,2,Meal/Entertain,0,0,0,0,0,0,1,9,8:30 AM,3
10/29/2016,35,1,Business,North,East,5.1,Errand/Supplies,1,0,0,0,0,0,1,6,8:00 AM,5
6/30/2016,35,0,Business,North,South,8.8,Errand/Supplies,1,0,0,1,0,0,1,15,              9:00AM,1
7/31/2016,60,0,Business,South,South,5.6,Between Offices,1,0,0,1,0,1,0,12,9:30 AM,2
2/1/2016,35,1,Business,South,North,18.9,Between Offices,1,0,1,0,0,1,0,21,6:00 PM,4
3/2/2016,35,0,Business,South,South,15.6,Between Offices,1,0,1,0,0,1,0,18,6:30 PM,3
5/3/2016,35,1,Business,South,East,15.6,Between Offices,1,0,1,0,0,1,1,27,7:30 PM,5
10/4/2016,35,0,Business,North,South,3,Between Offices,0,0,1,1,0,1,0,24,8:30 PM,1
2/5/2016,35,0,Business,North,South,3.1,Errand/Supplies,0,0,1,1,0,0,0,30,8:00 PM,2
3/6/2016,48,0,Business,South,South,3,Errand/Supplies,0,0,0,1,0,1,0,3,7:00 PM,4
4/7/2016,48,0,Business,South,South,4.8,Between Offices,0,0,1,1,0,1,0,9,10:00 AM,3
5/8/2016,48,1,Personal,South,South,2.1,Errand/Supplies,0,0,0,0,0,0,1,6,10:30 AM,5
6/9/2016,48,0,Personal,South,South,3.1,Between Offices,0,0,0,0,0,1,0,15,             8:00PM,1
7/10/2016,20,0,Personal,South,South,4.4,Between Offices,0,0,0,0,0,1,0,12,8:30 AM,2
8/11/2016,48,1,Personal,South,East,4.7,Between Offices,0,0,0,1,0,1,0,21,8:00 AM,4
9/12/2016,20,0,Personal,South,South,3,Errand/Supplies,0,0,1,1,0,1,0,18,              9:00AM,3
10/13/2016,20,1,Personal,East,South,3,Errand/Supplies,0,0,1,1,0,1,0,27,9:30 AM,5
11/14/2016,16,0,Personal,East,North,4.2,Errand/Supplies,1,0,1,1,0,0,1,24,6:00 PM,1
12/15/2016,16,0,Personal,East,North,4.1,Errand/Supplies,1,0,1,0,0,1,0,30,6:30 PM,2
10/16/2016,16,1,Personal,East,North,3.4,Errand/Supplies,1,0,1,0,0,1,0,3,7:30 PM,4
9/17/2016,16,1,Personal,East,South,3.3,Errand/Supplies,1,0,1,0,0,0,1,9,8:30 PM,3
8/18/2016,16,1,Personal,North,East,3,Errand/Supplies,1,0,1,1,0,0,1,6,8:00 PM,5
7/19/2016,16,0,Personal,North,South,3.1,Between Offices,1,0,1,1,0,0,1,15,7:00 PM,1
6/20/2016,16,1,Personal,North,South,10.6,Between Offices,1,0,0,0,0,0,1,12,10:00 AM,2
5/21/2016,30,0,Personal,North,South,4.8,Errand/Supplies,1,0,0,0,0,0,1,21,10:30 AM,4
4/22/2016,30,0,Business,North,North,5.3,Meal/Entertain,1,0,0,0,0,0,1,18,             8:00PM,3
3/23/2016,30,0,Business,North,South,4.9,Errand/Supplies,0,0,1,1,0,0,1,27,8:30 AM,5
2/24/2016,30,0,Business,South,East,10.2,Errand/Supplies,0,0,0,1,0,0,1,24,8:00 AM,1
1/25/2016,30,1,Business,North,South,9.2,Between Offices,0,0,0,1,0,0,1,30,              9:00AM,2
2/26/2016,18,0,Business,North,South,7.7,Errand/Supplies,0,0,0,1,0,0,1,3,9:30 AM,4
3/27/2016,30,0,Business,South,North,5.9,Meal/Entertain,0,0,0,0,0,0,1,9,6:00 PM,3
4/28/2016,30,1,Business,South,South,0.7,Meal/Entertain,0,0,0,0,0,0,1,6,6:30 PM,5
8/29/2016,30,0,Business,South,East,1.3,Meal/Entertain,0,0,0,0,0,1,0,15,7:30 PM,1
4/30/2016,10,1,Business,South,South,2.5,Errand/Supplies,0,0,0,1,0,1,0,12,8:30 PM,2
5/31/2016,30,0,Business,North,South,5.3,Errand/Supplies,0,0,0,1,0,1,0,21,8:00 PM,4
6/1/2016,35,0,Personal,North,North,5.4,Between Offices,1,0,0,0,0,1,1,18,7:00 PM,3
7/2/2016,35,0,Personal,South,South,10.2,Between Offices,1,0,0,0,0,1,0,27,10:00 AM,5
8/3/2016,35,0,Personal,South,East,7.2,Between Offices,1,0,1,0,0,0,0,24,10:30 AM,1
10/4/2016,35,1,Personal,South,South,2.2,Between Offices,1,0,1,1,0,1,0,30,             8:00PM,2
12/5/2016,35,0,Personal,South,South,11,Between Offices,1,0,1,1,0,1,0,3,8:30 AM,4
11/6/2016,20,0,Personal,South,South,12,Errand/Supplies,1,0,1,1,0,0,1,9,8:00 AM,3
1/7/2016,35,1,Personal,South,South,3.3,Errand/Supplies,1,0,1,1,0,1,0,6,              9:00AM,5
2/8/2016,35,0,Personal,South,South,19.4,Between Offices,1,0,0,0,0,1,0,15,9:30 AM,1
3/9/2016,35,1,Personal,East,South,1.7,Errand/Supplies,1,0,1,0,0,1,0,12,6:00 PM,2
4/10/2016,60,0,Personal,East,South,5.7,Between Offices,0,0,0,0,0,1,0,21,6:30 PM,4
5/11/2016,35,0,Personal,East,East,1.8,Between Offices,0,0,0,1,0,1,0,18,7:30 PM,3
6/12/2016,35,1,Personal,East,South,1.4,Between Offices,0,0,0,1,0,0,1,27,8:30 PM,5
7/13/2016,35,1,Personal,East,South,10.3,Errand/Supplies,0,0,0,1,0,1,0,24,8:00 PM,1
8/14/2016,35,1,Personal,North,North,11.5,Errand/Supplies,0,0,1,1,0,1,0,30,7:00 PM,2
9/15/2016,35,0,Business,North,North,4.9,Errand/Supplies,0,0,1,0,0,0,1,3,10:00 AM,4
10/16/2016,48,1,Business,North,North,3.5,Errand/Supplies,0,0,1,0,0,0,1,9,10:30 AM,3
11/17/2016,48,0,Business,North,South,16.2,Errand/Supplies,0,0,1,0,0,0,1,6,             8:00PM,5
12/18/2016,48,0,Business,North,East,2,Errand/Supplies,0,0,1,1,0,0,1,15,8:30 AM,1
1/19/2016,48,0,Business,North,South,2.1,Errand/Supplies,0,0,1,1,0,0,1,12,8:00 AM,2
2/20/2016,20,0,Business,South,South,2.1,Between Offices,0,0,1,0,0,0,1,21,              9:00AM,4
3/21/2016,48,1,Business,North,South,7.2,Between Offices,1,0,1,0,0,0,1,18,9:30 AM,3
5/22/2016,20,0,Personal,North,North,12,Errand/Supplies,1,0,0,0,0,0,1,27,6:00 PM,5
6/23/2016,20,0,Personal,South,South,103,Meal/Entertain,1,0,0,1,0,0,1,24,6:30 PM,1
7/24/2016,16,1,Personal,South,East,32.3,Errand/Supplies,1,0,0,1,0,0,1,30,7:30 PM,2
8/25/2016,16,0,Personal,South,South,5.3,Errand/Supplies,1,0,1,1,0,0,1,3,8:30 PM,4
9/26/2016,16,1,Personal,South,South,11.6,Between Offices,0,0,0,1,0,0,1,9,8:00 PM,3
10/27/2016,16,0,Personal,North,North,23.2,Errand/Supplies,0,0,0,0,0,1,0,6,7:00 PM,5
1/28/2016,16,0,Personal,North,South,3.2,Meal/Entertain,0,0,0,0,0,1,0,15,10:00 AM,1
2/29/2016,16,0,Personal,South,East,12.3,Meal/Entertain,0,0,0,0,0,1,0,12,10:30 AM,2
2/30/2016,16,0,Personal,South,South,14,Meal/Entertain,0,0,0,1,0,1,1,21,             8:00PM,4
5/31/2016,30,1,Personal,South,South,2.1,Errand/Supplies,0,0,0,1,0,1,0,18,8:30 AM,3
3/1/2016,30,0,Personal,South,North,2.1,Errand/Supplies,0,0,0,0,0,0,0,27,8:00 AM,5
7/2/2016,30,0,Personal,South,South,3,Between Offices,0,0,0,0,0,1,0,24,              9:00AM,1
6/3/2016,30,1,Personal,South,East,6.2,Between Offices,1,0,0,0,0,1,0,30,9:30 AM,2
9/4/2016,30,0,Personal,South,South,9.6,Between Offices,1,0,0,1,0,0,1,3,6:00 PM,4
12/5/2016,18,1,Business,East,South,1.3,Between Offices,1,0,1,1,0,1,0,9,6:30 PM,3
1/6/2016,30,0,Business,East,South,7.1,Between Offices,1,0,1,1,0,1,0,6,7:30 PM,5
4/7/2016,30,0,Business,East,South,6.3,Errand/Supplies,1,0,1,1,0,1,0,15,8:30 PM,1
5/8/2016,30,1,Business,East,South,10.7,Errand/Supplies,1,0,1,0,0,1,0,12,8:00 PM,2
6/9/2016,10,1,Business,East,South,5.3,Between Offices,1,0,1,0,0,1,0,21,7:00 PM,4
8/10/2016,30,0,Business,North,South,1.6,Errand/Supplies,1,0,0,0,0,0,1,18,10:00 AM,3
9/11/2016,35,1,Business,North,East,3.6,Between Offices,0,0,0,1,0,1,0,27,10:30 AM,5
1/12/2016,35,0,Business,North,South,1.7,Between Offices,0,0,0,1,0,1,0,24,             8:00PM,1
3/13/2016,35,0,Business,North,South,2.9,Between Offices,0,0,0,1,0,0,1,30,8:30 AM,2
2/14/2016,35,1,Business,North,North,0.6,Errand/Supplies,0,0,0,1,0,0,1,3,8:00 AM,4
4/15/2016,35,1,Business,North,North,0.6,Errand/Supplies,0,0,1,0,0,0,1,9,              9:00AM,3
6/16/2016,20,1,Business,South,North,2.3,Errand/Supplies,0,0,1,0,0,0,1,6,9:30 AM,5
5/17/2016,35,0,Business,North,South,2.3,Errand/Supplies,0,0,1,0,0,0,1,15,6:00 PM,1
8/18/2016,35,1,Business,North,East,3.2,Errand/Supplies,0,0,1,1,0,0,1,12,6:30 PM,2
6/19/2016,35,0,Business,South,South,6.2,Errand/Supplies,0,0,1,1,0,0,1,21,7:30 PM,4
10/20/2016,60,0,Business,South,South,7.7,Errand/Supplies,0,0,0,0,0,0,1,18,8:30 PM,3
2/21/2016,35,0,Business,South,South,3.8,Between Offices,1,0,1,0,0,0,1,27,8:00 PM,5
3/22/2016,35,0,Business,South,North,7.9,Between Offices,1,0,0,0,0,0,1,24,7:00 PM,1
4/23/2016,35,1,Business,North,South,4.9,Errand/Supplies,1,0,0,1,0,0,1,30,10:00 AM,2
6/24/2016,35,0,Business,North,East,5,Meal/Entertain,1,0,0,1,0,0,1,3,10:30 AM,4
5/25/2016,35,0,Business,South,South,0.6,Errand/Supplies,0,0,0,1,0,1,0,9,             8:00PM,3
3/26/2016,48,1,Business,South,South,3.1,Errand/Supplies,0,0,1,1,0,1,0,6,8:30 AM,5
2/27/2016,48,0,Business,South,North,7.9,Between Offices,0,0,1,0,0,1,0,15,8:00 AM,1
3/28/2016,48,1,Personal,South,South,5.5,Errand/Supplies,0,0,1,0,0,1,1,12,              9:00AM,2
4/29/2016,48,0,Personal,South,East,10.3,Meal/Entertain,0,0,1,0,0,1,0,21,9:30 AM,4
6/30/2016,20,0,Personal,South,South,10.4,Meal/Entertain,1,0,1,1,0,0,0,18,6:00 PM,3
7/31/2016,48,0,Personal,South,South,2,Meal/Entertain,1,0,1,1,0,1,0,27,6:30 PM,5
8/1/2016,20,0,Personal,East,North,8.5,Errand/Supplies,1,0,1,0,0,1,0,24,7:30 PM,1
9/2/2016,20,1,Personal,East,South,4.4,Errand/Supplies,1,0,1,0,0,0,1,30,8:30 PM,2
10/3/2016,16,0,Personal,East,East,3.8,Between Offices,1,0,0,0,0,1,0,3,8:00 PM,4
2/4/2016,16,0,Personal,East,South,5.1,Between Offices,1,0,0,1,0,1,0,9,7:00 PM,3
5/5/2016,16,1,Personal,East,South,3.8,Between Offices,0,0,0,1,0,1,0,6,10:00 AM,5
3/6/2016,16,0,Personal,North,South,11.6,Between Offices,0,0,1,1,0,1,0,15,10:30 AM,1
6/7/2016,16,0,Personal,North,South,11.9,Between Offices,0,0,0,1,0,1,0,12,             8:00PM,2
6/8/2016,16,1,Personal,North,South,1.4,Errand/Supplies,0,0,0,0,0,0,1,21,8:30 AM,4
7/9/2016,16,1,Personal,North,South,1.1,Errand/Supplies,0,0,0,0,0,1,0,18,8:00 AM,3
8/10/2016,30,1,Personal,North,South,4.1,Between Offices,0,0,0,0,0,1,0,27,              9:00AM,5
12/11/2016,30,0,Business,North,East,6.1,Errand/Supplies,0,0,0,1,0,0,1,24,9:30 AM,1
11/12/2016,30,1,Business,South,South,1.3,Between Offices,0,0,0,1,0,0,1,30,6:00 PM,2
10/13/2016,30,0,Business,North,South,3,Between Offices,1,0,0,1,0,0,1,3,6:30 PM,4
2/14/2016,30,0,Business,North,North,4.1,Between Offices,1,0,0,1,0,0,1,9,7:30 PM,3
2/15/2016,18,0,Business,South,North,7.2,Errand/Supplies,1,0,0,0,0,0,1,6,8:30 PM,5
3/16/2016,30,0,Personal,South,North,6.4,Errand/Supplies,1,0,0,0,0,0,1,15,8:00 PM,1
3/17/2016,30,1,Personal,South,South,12.9,Errand/Supplies,0,0,1,0,0,0,1,12,7:00 PM,2
7/18/2016,30,0,Personal,South,East,2.8,Errand/Supplies,0,0,1,1,0,0,1,21,10:00 AM,4
8/19/2016,10,0,Personal,North,South,2.9,Errand/Supplies,0,0,1,1,0,0,1,18,10:30 AM,3
10/20/2016,30,1,Personal,North,South,4.6,Errand/Supplies,0,0,1,0,0,0,1,27,             8:00PM,5
11/21/2016,35,0,Personal,South,South,4.6,Errand/Supplies,0,0,1,0,0,0,1,24,8:30 AM,1
12/22/2016,35,1,Personal,South,North,0.8,Between Offices,0,0,0,0,0,0,1,30,8:00 AM,2
3/23/2016,35,0,Personal,South,South,0.7,Between Offices,0,0,1,1,1,0,0,3,              9:00AM,4
4/24/2016,35,0,Personal,South,East,3.9,Between Offices,0,0,0,1,0,1,0,9,9:30 AM,3
5/25/2016,35,0,Personal,South,South,16.2,Between Offices,0,0,0,1,1,0,0,6,6:00 PM,5
6/26/2016,20,0,Personal,South,South,6.4,Between Offices,0,0,0,1,0,1,0,15,6:30 PM,1
9/27/2016,35,1,Personal,South,North,48.2,Between Offices,0,0,0,0,1,0,0,12,7:30 PM,2
